HomeTeam,AwayTeam,HomeTeamGoals,AwayTeamGoals,HomeTeamShots,AwayTeamShots,HomeTeamHalfTimeGoals,AwayTeamHalfTimeGoals,HomeTeamFullTimeGoals,AwayTeamFullTimeGoals,PredictedLabel
Valencia,Almeria,2,2,16,14,0,0,0,0,0
Villarreal,Girona,1,0,19,8,0,0,0,0,0
Elche,Osasuna,1,1,13,8,0,1,0,0,0
Barcelona,Getafe,1,0,8,7,1,0,0,0,0
Ath Bilbao,Real Madrid,0,2,18,10,0,1,0,0,0
Vallecano,Sociedad,0,2,14,12,0,2,0,0,0
Espanol,Betis,1,0,8,13,1,0,0,0,0
Ath Madrid,Valladolid,3,0,18,7,3,0,0,0,0
Sevilla,Cadiz,1,0,17,4,0,0,0,0,0
Mallorca,Celta,1,0,8,10,0,0,0,0,0
Cadiz,Elche,1,1,16,12,1,0,0,0,0
Getafe,Espanol,1,2,10,10,1,1,0,0,0
Almeria,Ath Madrid,1,1,14,12,1,1,0,0,0
Valladolid,Vallecano,0,1,9,13,0,0,0,0,0
Girona,Sevilla,2,1,19,10,0,1,0,0,0
Osasuna,Mallorca,1,0,15,6,0,0,0,0,0
Sociedad,Ath Bilbao,3,1,11,6,2,1,0,0,0
Celta,Villarreal,1,1,21,3,0,1,0,0,0
Ath Bilbao,Osasuna,0,0,17,3,0,0,0,0,0
Almeria,Sociedad,0,2,6,9,0,0,0,0,0
Vallecano,Betis,1,2,15,14,1,2,0,0,0
Sevilla,Getafe,2,1,11,11,1,0,0,0,0
Ath Madrid,Barcelona,0,1,20,10,0,1,0,0,0
Villarreal,Real Madrid,2,1,17,13,0,0,0,0,0
Mallorca,Valladolid,1,0,13,9,0,0,0,0,0
Espanol,Girona,2,2,12,12,0,1,0,0,0
Elche,Celta,0,1,13,14,0,1,0,0,0
Valencia,Cadiz,0,1,11,6,0,1,0,0,0
Barcelona,Espanol,1,1,21,4,1,0,0,0,0
Sociedad,Osasuna,2,0,9,11,1,0,0,0,0
Villarreal,Valencia,2,1,14,13,1,1,0,0,0
Getafe,Mallorca,2,0,14,3,0,0,0,0,0
Cadiz,Almeria,1,1,12,18,0,1,0,0,0
Celta,Sevilla,1,1,17,7,1,0,0,0,0
Valladolid,Real Madrid,0,2,14,19,0,0,0,0,0
Girona,Vallecano,2,2,16,12,1,1,0,0,0
Betis,Ath Bilbao,0,0,9,10,0,0,0,0,0
Ath Madrid,Elche,2,0,18,5,0,0,0,0,0
Vallecano,Celta,0,0,10,11,0,0,0,0,0
Valencia,Betis,3,0,15,5,0,0,0,0,0
Real Madrid,Cadiz,2,1,18,10,1,0,0,0,0
Almeria,Getafe,1,0,8,11,1,0,0,0,0
Sevilla,Sociedad,1,2,6,17,1,2,0,0,0
Espanol,Villarreal,0,1,14,10,0,0,0,0,0
Mallorca,Ath Madrid,1,0,9,17,1,0,0,0,0
Elche,Girona,1,2,11,21,1,1,0,0,0
Ath Bilbao,Valladolid,3,0,19,8,1,0,0,0,0
Osasuna,Barcelona,1,2,15,9,1,0,0,0,0
Vallecano,Real Madrid,3,2,15,16,2,2,0,0,0
Ath Madrid,Espanol,1,1,27,6,0,0,0,0,0
Sociedad,Valencia,1,1,9,14,1,1,0,0,0
Villarreal,Mallorca,0,2,9,7,0,1,0,0,0
Betis,Sevilla,1,1,9,22,1,0,0,0,0
Getafe,Cadiz,0,0,13,15,0,0,0,0,0
Valladolid,Elche,2,1,16,4,1,0,0,0,0
Celta,Osasuna,1,2,13,8,1,2,0,0,0
Barcelona,Almeria,2,0,27,4,0,0,0,0,0
Girona,Ath Bilbao,2,1,19,11,0,0,0,0,0
Elche,Getafe,0,1,12,8,0,0,0,0,0
Osasuna,Valladolid,2,0,20,7,2,0,0,0,0
Real Madrid,Girona,1,1,19,8,0,0,0,0,0
Ath Bilbao,Villarreal,1,0,19,6,0,0,0,0,0
Sociedad,Betis,0,2,14,10,0,0,0,0,0
Almeria,Celta,3,1,19,8,0,1,0,0,0
Cadiz,Ath Madrid,3,2,10,15,1,0,0,0,0
Sevilla,Vallecano,0,1,10,15,0,0,0,0,0
Valencia,Barcelona,0,1,3,13,0,0,0,0,0
Mallorca,Espanol,1,1,12,7,0,0,0,0,0
Celta,Getafe,1,1,17,4,0,1,0,0,0
Espanol,Elche,2,2,13,9,1,1,0,0,0
Betis,Ath Madrid,1,2,17,9,0,0,0,0,0
Girona,Osasuna,1,1,7,9,1,1,0,0,0
Villarreal,Almeria,2,1,11,15,0,1,0,0,0
Barcelona,Ath Bilbao,4,0,10,5,3,0,0,0,0
Vallecano,Cadiz,5,1,28,3,2,0,0,0,0
Valladolid,Sociedad,1,0,9,20,1,0,0,0,0
Valencia,Mallorca,1,2,13,10,0,0,0,0,0
Real Madrid,Sevilla,3,1,18,9,1,0,0,0,0
Almeria,Girona,3,2,13,14,3,0,0,0,0
Osasuna,Espanol,1,0,17,5,0,0,0,0,0
Barcelona,Villarreal,3,0,16,5,3,0,0,0,0
Cadiz,Betis,0,0,13,12,0,0,0,0,0
Valladolid,Celta,4,1,9,22,1,1,0,0,0
Sociedad,Mallorca,1,0,14,12,1,0,0,0,0
Elche,Real Madrid,0,3,10,10,0,1,0,0,0
Sevilla,Valencia,1,1,18,13,0,1,0,0,0
Getafe,Ath Bilbao,2,2,11,14,1,1,0,0,0
Ath Madrid,Vallecano,1,1,12,14,1,0,0,0,0
Villarreal,Osasuna,2,0,12,14,1,0,0,0,0
Celta,Sociedad,1,2,10,8,1,1,0,0,0
Real Madrid,Barcelona,3,1,8,18,2,0,0,0,0
Espanol,Valladolid,1,0,15,14,0,0,0,0,0
Betis,Almeria,3,1,15,12,1,0,0,0,0
Girona,Cadiz,1,1,23,9,0,0,0,0,0
Valencia,Elche,2,2,20,8,2,1,0,0,0
Mallorca,Sevilla,0,1,9,4,0,0,0,0,0
Ath Bilbao,Ath Madrid,0,1,13,3,0,0,0,0,0
Vallecano,Getafe,0,0,16,6,0,0,0,0,0
Elche,Mallorca,1,1,7,11,1,0,0,0,0
Valladolid,Betis,0,0,12,4,0,0,0,0,0
Cadiz,Espanol,2,2,8,9,1,0,0,0,0
Sociedad,Villarreal,1,0,17,5,1,0,0,0,0
Barcelona,Celta,1,0,13,14,1,0,0,0,0
Almeria,Vallecano,3,1,10,12,3,0,0,0,0
Ath Madrid,Girona,2,1,13,11,1,0,0,0,0
Sevilla,Ath Bilbao,1,1,10,21,1,0,0,0,0
Getafe,Real Madrid,0,1,9,19,0,1,0,0,0
Osasuna,Valencia,1,2,11,15,0,1,0,0,0
Vallecano,Elche,2,1,15,5,1,1,0,0,0
Espanol,Valencia,2,2,10,12,0,0,0,0,0
Celta,Betis,1,0,11,9,1,0,0,0,0
Girona,Sociedad,3,5,16,11,2,2,0,0,0
Real Madrid,Osasuna,1,1,22,8,1,0,0,0,0
Cadiz,Villarreal,0,0,10,14,0,0,0,0,0
Getafe,Valladolid,2,3,14,14,2,2,0,0,0
Sevilla,Ath Madrid,0,2,14,20,0,1,0,0,0
Mallorca,Barcelona,0,1,13,11,0,1,0,0,0
Ath Bilbao,Almeria,4,0,17,8,2,0,0,0,0
Osasuna,Getafe,0,2,12,10,0,1,0,0,0
Villarreal,Sevilla,1,1,17,12,0,1,0,0,0
Betis,Girona,2,1,9,8,1,1,0,0,0
Sociedad,Espanol,2,1,14,14,2,1,0,0,0
Ath Madrid,Real Madrid,1,2,12,6,0,2,0,0,0
Mallorca,Almeria,1,0,5,9,1,0,0,0,0
Barcelona,Elche,3,0,25,1,2,0,0,0,0
Valencia,Celta,3,0,14,6,1,0,0,0,0
Ath Bilbao,Vallecano,3,2,14,11,3,1,0,0,0
Valladolid,Cadiz,0,1,18,7,0,0,0,0,0
Almeria,Osasuna,0,1,7,15,0,1,0,0,0
Real Madrid,Mallorca,4,1,22,5,1,1,0,0,0
Elche,Ath Bilbao,1,4,9,16,0,4,0,0,0
Getafe,Sociedad,2,1,8,13,1,0,0,0,0
Betis,Villarreal,1,0,16,14,0,0,0,0,0
Vallecano,Valencia,2,1,14,17,1,0,0,0,0
Espanol,Sevilla,2,3,19,11,1,3,0,0,0
Cadiz,Barcelona,0,4,6,16,0,0,0,0,0
Ath Madrid,Celta,4,1,10,14,1,0,0,0,0
Girona,Valladolid,2,1,14,14,1,1,0,0,0
Valladolid,Almeria,1,0,14,12,0,0,0,0,0
Osasuna,Vallecano,2,1,13,5,0,0,0,0,0
Ath Bilbao,Espanol,0,1,17,9,0,0,0,0,0
Villarreal,Elche,4,0,18,7,2,0,0,0,0
Valencia,Getafe,5,1,24,7,3,0,0,0,0
Mallorca,Girona,1,1,10,10,0,0,0,0,0
Real Madrid,Betis,2,1,22,8,1,1,0,0,0
Sociedad,Ath Madrid,1,1,12,15,0,1,0,0,0
Sevilla,Barcelona,0,3,9,18,0,2,0,0,0
Celta,Cadiz,3,0,9,7,0,0,0,0,0
Cadiz,Ath Bilbao,0,4,9,20,0,1,0,0,0
Valencia,Ath Madrid,0,1,12,13,0,0,0,0,0
Getafe,Villarreal,0,0,8,11,0,0,0,0,0
Barcelona,Valladolid,4,0,24,8,2,0,0,0,0
Espanol,Real Madrid,1,3,15,19,1,1,0,0,0
Elche,Sociedad,0,1,12,9,0,1,0,0,0
Vallecano,Mallorca,0,2,15,9,0,1,0,0,0
Almeria,Sevilla,2,1,11,13,1,1,0,0,0
Girona,Celta,0,1,11,11,0,0,0,0,0
Betis,Osasuna,1,0,7,12,1,0,0,0,0
Elche,Almeria,1,1,13,12,1,1,0,0,0
Girona,Getafe,3,1,12,7,1,0,0,0,0
Ath Bilbao,Valencia,1,0,12,10,1,0,0,0,0
Ath Madrid,Villarreal,0,2,13,19,0,0,0,0,0
Sociedad,Barcelona,1,4,10,15,1,1,0,0,0
Osasuna,Cadiz,2,0,16,9,1,0,0,0,0
Mallorca,Betis,1,2,13,8,0,1,0,0,0
Celta,Real Madrid,1,4,15,16,1,2,0,0,0
Espanol,Vallecano,0,2,13,8,0,1,0,0,0
Sevilla,Valladolid,1,1,18,6,0,0,0,0,0
Ath Bilbao,Mallorca,0,0,23,6,0,0,0,0,0
Getafe,Ath Madrid,0,3,10,12,0,1,0,0,0
Betis,Elche,3,0,17,4,2,0,0,0,0
Cadiz,Sociedad,0,1,7,15,0,1,0,0,0
Valencia,Girona,1,0,17,5,1,0,0,0,0
Almeria,Real Madrid,1,2,10,29,1,0,0,0,0
Celta,Espanol,2,2,8,10,1,0,0,0,0
Valladolid,Villarreal,0,3,12,10,0,0,0,0,0
Barcelona,Vallecano,0,0,21,4,0,0,0,0,0
Osasuna,Sevilla,2,1,12,10,1,1,0,0,0
Elche,Getafe,3,1,19,7,1,1,0,0,0
Alaves,Cadiz,0,1,9,13,0,0,0,0,0
Granada,Espanol,0,0,15,10,0,0,0,0,0
Osasuna,Mallorca,0,2,11,14,0,0,0,0,0
Barcelona,Villarreal,0,2,14,4,0,1,0,0,0
Sevilla,Ath Bilbao,1,0,13,9,0,0,0,0,0
Sociedad,Ath Madrid,1,2,12,6,0,0,0,0,0
Valencia,Celta,2,0,10,9,1,0,0,0,0
Real Madrid,Betis,0,0,17,11,0,0,0,0,0
Vallecano,Levante,2,4,19,14,1,3,0,0,0
Ath Bilbao,Osasuna,2,0,14,8,1,0,0,0,0
Ath Madrid,Sevilla,1,1,12,8,1,0,0,0,0
Betis,Granada,2,0,11,14,1,0,0,0,0
Cadiz,Real Madrid,1,1,21,16,1,1,0,0,0
Celta,Elche,1,0,14,10,1,0,0,0,0
Getafe,Barcelona,0,0,9,5,0,0,0,0,0
Levante,Alaves,3,1,15,6,0,1,0,0,0
Mallorca,Vallecano,2,1,12,11,1,0,0,0,0
Villarreal,Sociedad,1,2,10,11,1,0,0,0,0
Espanol,Valencia,1,1,5,18,1,1,0,0,0
Sociedad,Cadiz,3,0,13,14,1,0,0,0,0
Vallecano,Villarreal,1,5,17,11,1,4,0,0,0
Real Madrid,Levante,6,0,27,16,4,0,0,0,0
Alaves,Espanol,2,1,27,5,1,1,0,0,0
Osasuna,Getafe,1,1,12,6,1,1,0,0,0
Sevilla,Mallorca,0,0,18,10,0,0,0,0,0
Elche,Ath Madrid,0,2,9,11,0,1,0,0,0
Valencia,Betis,0,3,19,9,0,0,0,0,0
Granada,Ath Bilbao,1,0,12,8,1,0,0,0,0
Barcelona,Celta,3,1,10,13,2,0,0,0,0
Getafe,Vallecano,0,0,12,12,0,0,0,0,0
Villarreal,Sevilla,1,1,14,7,0,0,0,0,0
Espanol,Osasuna,1,1,12,12,0,1,0,0,0
Ath Madrid,Real Madrid,1,0,16,15,1,0,0,0,0
Mallorca,Granada,2,6,18,14,1,1,0,0,0
Ath Bilbao,Valencia,0,0,10,4,0,0,0,0,0
Cadiz,Elche,3,0,17,4,0,0,0,0,0
Celta,Alaves,4,0,15,3,2,0,0,0,0
Betis,Barcelona,1,2,14,11,0,0,0,0,0
Levante,Sociedad,2,1,16,21,0,0,0,0,0
Getafe,Betis,0,0,13,9,0,0,0,0,0
Elche,Osasuna,1,1,11,9,0,0,0,0,0
Granada,Celta,1,1,15,13,0,0,0,0,0
Vallecano,Sociedad,1,1,13,8,0,1,0,0,0
Barcelona,Mallorca,2,1,17,6,1,0,0,0,0
Alaves,Villarreal,2,1,11,16,2,0,0,0,0
Real Madrid,Espanol,4,0,11,20,2,0,0,0,0
Valencia,Levante,1,1,6,24,1,0,0,0,0
Ath Bilbao,Ath Madrid,2,0,11,9,1,0,0,0,0
Sevilla,Cadiz,1,1,11,10,1,0,0,0,0
Barcelona,Vallecano,0,1,18,3,0,1,0,0,0
Espanol,Vallecano,0,1,6,13,0,1,0,0,0
Levante,Sevilla,2,3,15,13,1,2,0,0,0
Cadiz,Ath Bilbao,2,3,27,9,0,3,0,0,0
Sociedad,Barcelona,0,1,8,11,0,1,0,0,0
Ath Madrid,Granada,0,0,22,7,0,0,0,0,0
Celta,Getafe,0,2,9,6,0,1,0,0,0
Osasuna,Real Madrid,1,3,12,23,1,2,0,0,0
Mallorca,Alaves,2,1,5,12,2,0,0,0,0
Betis,Elche,0,1,18,9,0,0,0,0,0
Villarreal,Valencia,2,0,12,5,2,0,0,0,0
Barcelona,Cadiz,0,1,18,6,0,0,0,0,0
Granada,Levante,1,4,16,17,0,1,0,0,0
Ath Madrid,Espanol,2,1,10,11,0,0,0,0,0
Ath Bilbao,Celta,0,2,10,6,0,2,0,0,0
Sevilla,Real Madrid,2,3,7,15,2,0,0,0,0
Elche,Mallorca,3,0,6,13,1,0,0,0,0
Alaves,Vallecano,1,0,11,20,0,0,0,0,0
Valencia,Osasuna,1,2,11,9,0,0,0,0,0
Getafe,Villarreal,1,2,12,11,0,2,0,0,0
Sociedad,Betis,0,0,9,9,0,0,0,0,0
Vallecano,Valencia,1,1,11,6,0,0,0,0,0
Osasuna,Alaves,1,0,15,8,0,0,0,0,0
Espanol,Celta,1,0,11,10,0,0,0,0,0
Elche,Sociedad,1,2,10,17,1,2,0,0,0
Levante,Barcelona,2,3,11,14,0,0,0,0,0
Cadiz,Betis,1,2,10,10,0,0,0,0,0
Mallorca,Ath Madrid,1,0,10,9,0,0,0,0,0
Villarreal,Ath Bilbao,1,1,11,12,0,1,0,0,0
Real Madrid,Getafe,2,0,26,8,1,0,0,0,0
Sevilla,Granada,4,2,16,15,1,1,0,0,0
Sociedad,Espanol,1,0,17,8,0,0,0,0,0
Ath Bilbao,Elche,2,1,16,6,1,0,0,0,0
Betis,Osasuna,4,1,24,10,2,0,0,0,0
Granada,Vallecano,2,2,17,10,0,2,0,0,0
Valencia,Cadiz,0,0,5,4,0,0,0,0,0
Barcelona,Sevilla,1,0,19,8,0,0,0,0,0
Getafe,Mallorca,1,0,16,7,0,0,0,0,0
Levante,Villarreal,2,0,13,13,0,0,0,0,0
Celta,Real Madrid,1,2,10,12,0,1,0,0,0
Ath Madrid,Alaves,4,1,14,7,1,0,0,0,0
Espanol,Mallorca,1,0,12,9,1,0,0,0,0
Cadiz,Villarreal,1,0,16,3,0,0,0,0,0
Celta,Betis,0,0,9,7,0,0,0,0,0
Sevilla,Sociedad,0,0,10,13,0,0,0,0,0
Real Madrid,Barcelona,0,4,14,18,0,2,0,0,0
Alaves,Granada,2,3,11,12,0,0,0,0,0
Elche,Valencia,0,1,8,8,0,0,0,0,0
Osasuna,Levante,3,1,20,13,1,0,0,0,0
Vallecano,Ath Madrid,0,1,15,11,0,0,0,0,0
Ath Bilbao,Getafe,1,1,22,7,1,1,0,0,0
Mallorca,Real Madrid,0,3,14,11,0,0,0,0,0
Vallecano,Sevilla,1,1,10,3,0,0,0,0,0
Betis,Ath Bilbao,1,0,8,11,1,0,0,0,0
Sociedad,Alaves,1,0,15,13,0,0,0,0,0
Barcelona,Osasuna,4,0,24,4,3,0,0,0,0
Levante,Espanol,1,1,14,6,0,0,0,0,0
Granada,Elche,0,1,15,13,0,1,0,0,0
Villarreal,Celta,1,0,10,12,0,0,0,0,0
Getafe,Valencia,0,0,16,6,0,0,0,0,0
Ath Madrid,Cadiz,2,1,6,14,1,1,0,0,0
Ath Bilbao,Levante,3,1,17,5,0,0,0,0,0
Cadiz,Vallecano,2,0,13,14,0,0,0,0,0
Elche,Barcelona,1,2,13,20,1,0,0,0,0
Celta,Mallorca,4,3,16,12,2,1,0,0,0
Betis,Ath Madrid,1,3,18,8,1,1,0,0,0
Osasuna,Villarreal,1,0,12,10,0,0,0,0,0
Espanol,Getafe,2,0,4,12,2,0,0,0,0
Valencia,Granada,3,1,12,7,0,0,0,0,0
Real Madrid,Sociedad,4,1,18,1,2,1,0,0,0
Alaves,Sevilla,0,0,14,13,0,0,0,0,0
Mallorca,Sociedad,0,2,13,13,0,1,0,0,0
Granada,Cadiz,0,0,6,12,0,0,0,0,0
Villarreal,Espanol,5,1,19,7,3,0,0,0,0
Sevilla,Betis,2,1,12,10,2,0,0,0,0
Sociedad,Osasuna,1,0,11,11,0,0,0,0,0
Barcelona,Ath Bilbao,4,0,17,6,1,0,0,0,0
Mallorca,Valencia,0,1,23,8,0,1,0,0,0
Getafe,Alaves,2,2,12,7,0,1,0,0,0
Vallecano,Real Madrid,0,1,19,13,0,0,0,0,0
Ath Madrid,Celta,2,0,13,16,1,0,0,0,0
Levante,Elche,3,0,11,8,1,0,0,0,0
Celta,Levante,1,1,8,13,0,0,0,0,0
Espanol,Sevilla,1,1,11,7,0,1,0,0,0
Valencia,Barcelona,1,4,11,6,0,3,0,0,0
Betis,Mallorca,2,1,14,10,1,0,0,0,0
Ath Bilbao,Sociedad,4,0,18,9,0,0,0,0,0
Granada,Villarreal,1,4,20,15,0,2,0,0,0
Osasuna,Ath Madrid,0,3,14,5,0,1,0,0,0
Cadiz,Getafe,1,1,9,6,1,1,0,0,0
Real Madrid,Alaves,3,0,22,7,0,0,0,0,0
Elche,Vallecano,2,1,9,13,0,0,0,0,0
Ath Madrid,Levante,0,1,10,8,0,0,0,0,0
Mallorca,Ath Bilbao,3,2,16,7,2,0,0,0,0
Alaves,Valencia,2,1,9,9,1,0,0,0,0
Levante,Betis,2,4,12,19,1,3,0,0,0
Sociedad,Granada,2,0,18,15,1,0,0,0,0
Espanol,Barcelona,2,2,10,12,1,1,0,0,0
Cadiz,Celta,0,0,8,6,0,0,0,0,0
Villarreal,Real Madrid,0,0,9,17,0,0,0,0,0
Vallecano,Osasuna,0,3,10,12,0,2,0,0,0
Ath Madrid,Getafe,4,3,11,10,3,3,0,0,0
Sevilla,Elche,2,0,14,7,0,0,0,0,0
Ath Bilbao,Espanol,2,1,7,7,2,1,0,0,0
Valencia,Sociedad,0,0,14,8,0,0,0,0,0
Barcelona,Ath Madrid,4,2,9,10,3,1,0,0,0
Betis,Villarreal,0,2,9,9,0,1,0,0,0
Real Madrid,Granada,1,0,24,7,0,0,0,0,0
Elche,Alaves,3,1,14,6,0,1,0,0,0
Mallorca,Cadiz,2,1,17,12,1,1,0,0,0
Celta,Vallecano,2,0,13,11,1,0,0,0,0
Osasuna,Sevilla,0,0,9,9,0,0,0,0,0
Getafe,Levante,3,0,14,11,2,0,0,0,0
Granada,Osasuna,0,2,6,16,0,0,0,0,0
Real Madrid,Elche,2,2,23,3,0,1,0,0,0
Sociedad,Getafe,0,0,9,9,0,0,0,0,0
Vallecano,Ath Bilbao,0,1,29,9,0,1,0,0,0
Alaves,Barcelona,0,1,6,10,0,0,0,0,0
Levante,Cadiz,0,2,15,8,0,1,0,0,0
Villarreal,Mallorca,3,0,12,8,2,0,0,0,0
Sevilla,Celta,2,2,16,6,0,2,0,0,0
Ath Madrid,Valencia,3,2,16,7,0,2,0,0,0
Espanol,Betis,1,4,12,15,1,2,0,0,0
Getafe,Granada,4,2,12,7,1,1,0,0,0
Celta,Osasuna,2,0,5,9,2,0,0,0,0
Valencia,Sevilla,1,1,10,12,1,1,0,0,0
Betis,Alaves,4,0,18,9,3,0,0,0,0
Cadiz,Espanol,2,2,10,14,0,1,0,0,0
Elche,Villarreal,1,0,5,9,0,0,0,0,0
Espanol,Elche,1,2,8,3,1,2,0,0,0
Vallecano,Betis,1,1,17,9,0,1,0,0,0
Sevilla,Getafe,1,0,10,4,1,0,0,0,0
Alaves,Ath Bilbao,0,0,12,10,0,0,0,0,0
Osasuna,Cadiz,2,0,15,6,1,0,0,0,0
Villarreal,Ath Madrid,2,2,13,7,1,1,0,0,0
Levante,Mallorca,2,0,16,15,0,0,0,0,0
Sociedad,Celta,1,0,12,4,1,0,0,0,0
Granada,Barcelona,1,1,14,13,0,0,0,0,0
Real Madrid,Valencia,4,1,23,12,1,0,0,0,0
Villarreal,Levante,5,0,17,7,3,0,0,0,0
Osasuna,Ath Bilbao,1,3,15,17,1,2,0,0,0
Cadiz,Sevilla,0,1,9,14,0,0,0,0,0
Getafe,Real Madrid,1,0,6,14,1,0,0,0,0
Ath Madrid,Vallecano,2,0,15,5,1,0,0,0,0
Elche,Granada,0,0,18,10,0,0,0,0,0
Alaves,Sociedad,1,1,19,10,0,1,0,0,0
Betis,Celta,0,2,18,7,0,2,0,0,0
Mallorca,Barcelona,0,1,13,13,0,1,0,0,0
Valencia,Espanol,1,2,12,15,0,0,0,0,0
Granada,Ath Madrid,2,1,6,15,1,1,0,0,0
Ath Bilbao,Real Madrid,1,2,15,12,1,2,0,0,0
Villarreal,Alaves,5,2,24,4,2,1,0,0,0
Sevilla,Barcelona,1,1,5,23,1,1,0,0,0
Levante,Valencia,3,4,15,15,2,1,0,0,0
Granada,Mallorca,4,1,15,8,1,1,0,0,0
Ath Bilbao,Betis,3,2,9,16,1,1,0,0,0
Getafe,Osasuna,1,0,18,11,0,0,0,0,0
Real Madrid,Cadiz,0,0,36,4,0,0,0,0,0
Vallecano,Alaves,2,0,20,6,2,0,0,0,0
Sociedad,Villarreal,1,3,8,15,1,1,0,0,0
Barcelona,Elche,3,2,19,5,2,0,0,0,0
Sevilla,Ath Madrid,2,1,6,15,1,1,0,0,0
Celta,Espanol,3,1,12,6,1,0,0,0,0
Cadiz,Granada,1,1,13,16,1,0,0,0,0
Villarreal,Vallecano,2,0,13,19,2,0,0,0,0
Osasuna,Barcelona,2,2,8,10,1,1,0,0,0
Betis,Sociedad,4,0,11,15,1,0,0,0,0
Real Madrid,Ath Madrid,2,0,7,9,1,0,0,0,0
Espanol,Levante,4,3,17,14,1,2,0,0,0
Alaves,Getafe,1,1,9,11,0,1,0,0,0
Valencia,Elche,2,1,21,8,1,0,0,0,0
Ath Bilbao,Sevilla,0,1,13,6,0,1,0,0,0
Mallorca,Celta,0,0,12,14,0,0,0,0,0
Getafe,Ath Bilbao,0,0,17,9,0,0,0,0,0
Vallecano,Espanol,1,0,7,10,0,0,0,0,0
Elche,Cadiz,3,1,8,15,1,0,0,0,0
Levante,Osasuna,0,0,11,11,0,0,0,0,0
Celta,Valencia,1,2,11,8,1,1,0,0,0
Sevilla,Villarreal,1,0,8,16,1,0,0,0,0
Barcelona,Betis,0,1,12,8,0,0,0,0,0
Ath Madrid,Mallorca,1,2,14,10,0,0,0,0,0
Sociedad,Real Madrid,0,2,11,13,0,0,0,0,0
Granada,Alaves,2,1,9,14,1,0,0,0,0
Real Madrid,Ath Bilbao,1,0,17,18,1,0,0,0,0
Osasuna,Elche,1,1,17,10,1,1,0,0,0
Betis,Levante,3,1,26,8,0,1,0,0,0
Espanol,Sociedad,1,0,8,10,0,0,0,0,0
Cadiz,Ath Madrid,1,4,8,17,0,0,0,0,0
Real Madrid,Sevilla,2,1,14,11,1,1,0,0,0
Alaves,Celta,1,2,13,8,1,1,0,0,0
Valencia,Vallecano,1,1,8,12,1,0,0,0,0
Mallorca,Getafe,0,0,12,11,0,0,0,0,0
Villarreal,Barcelona,1,3,14,12,0,0,0,0,0
Ath Bilbao,Granada,2,2,17,8,1,2,0,0,0
Vallecano,Mallorca,3,1,15,11,2,0,0,0,0
Getafe,Cadiz,4,0,17,10,1,0,0,0,0
Granada,Real Madrid,1,4,11,21,1,2,0,0,0
Elche,Betis,0,3,14,9,0,3,0,0,0
Sociedad,Valencia,0,0,9,8,0,0,0,0,0
Celta,Villarreal,1,1,12,18,0,1,0,0,0
Sevilla,Alaves,2,2,16,8,1,2,0,0,0
Ath Madrid,Osasuna,1,0,15,9,0,0,0,0,0
Barcelona,Espanol,1,0,16,12,0,0,0,0,0
Levante,Ath Bilbao,0,0,15,7,0,0,0,0,0
Villarreal,Getafe,1,0,10,5,1,0,0,0,0
Valencia,Ath Madrid,3,3,11,13,0,1,0,0,0
Mallorca,Elche,2,2,18,7,0,0,0,0,0
Osasuna,Sociedad,0,2,6,9,0,0,0,0,0
Betis,Sevilla,0,2,8,11,0,0,0,0,0
Espanol,Granada,2,0,17,18,2,0,0,0,0
Celta,Barcelona,3,3,18,10,0,3,0,0,0
Alaves,Levante,2,1,10,12,0,1,0,0,0
Real Madrid,Vallecano,2,1,15,19,2,0,0,0,0
Ath Bilbao,Cadiz,0,1,15,8,0,1,0,0,0
Vallecano,Celta,0,0,11,10,0,0,0,0,0
Levante,Granada,0,3,12,12,0,2,0,0,0
Cadiz,Mallorca,1,1,13,11,0,1,0,0,0
Ath Madrid,Betis,3,0,18,8,1,0,0,0,0
Getafe,Espanol,2,1,12,10,1,1,0,0,0
Sociedad,Ath Bilbao,1,1,8,11,0,0,0,0,0
Elche,Real Madrid,1,2,13,17,0,1,0,0,0
Sevilla,Osasuna,2,0,16,10,1,0,0,0,0
Valencia,Villarreal,2,0,9,11,1,0,0,0,0
Barcelona,Alaves,1,1,16,3,0,0,0,0,0
Celta,Sociedad,0,2,14,11,0,0,0,0,0
Granada,Getafe,1,1,18,6,0,1,0,0,0
Levante,Ath Madrid,2,2,10,7,1,1,0,0,0
Mallorca,Sevilla,1,1,11,10,1,0,0,0,0
Vallecano,Barcelona,1,0,13,16,1,0,0,0,0
Betis,Valencia,4,1,14,10,2,1,0,0,0
Real Madrid,Osasuna,0,0,17,7,0,0,0,0,0
Alaves,Elche,1,0,16,4,0,0,0,0,0
Espanol,Ath Bilbao,1,1,14,23,1,0,0,0,0
Villarreal,Cadiz,3,3,14,9,1,2,0,0,0
Getafe,Celta,0,3,11,16,0,0,0,0,0
Sevilla,Levante,5,3,18,12,3,1,0,0,0
Barcelona,Real Madrid,1,2,12,10,0,1,0,0,0
Betis,Vallecano,3,2,11,14,2,1,0,0,0
Ath Madrid,Sociedad,2,2,17,8,0,1,0,0,0
Valencia,Mallorca,2,2,20,9,0,2,0,0,0
Cadiz,Alaves,0,2,23,8,0,1,0,0,0
Elche,Espanol,2,2,12,20,1,0,0,0,0
Ath Bilbao,Villarreal,2,1,14,11,1,1,0,0,0
Osasuna,Granada,1,1,17,9,1,0,0,0,0
Alaves,Betis,0,1,14,19,0,0,0,0,0
Espanol,Cadiz,2,0,14,13,1,0,0,0,0
Vallecano,Elche,2,1,10,7,1,1,0,0,0
Celta,Sevilla,0,1,14,8,0,0,0,0,0
Villarreal,Osasuna,1,2,11,6,0,1,0,0,0
Barcelona,Valencia,3,1,12,9,2,1,0,0,0
Levante,Getafe,0,0,6,14,0,0,0,0,0
Sociedad,Mallorca,1,0,10,7,0,0,0,0,0
Elche,Celta,1,0,12,10,0,0,0,0,0
Espanol,Real Madrid,2,1,8,18,1,0,0,0,0
Getafe,Sociedad,1,1,9,10,1,0,0,0,0
Villarreal,Betis,2,0,11,10,1,0,0,0,0
Granada,Sevilla,1,0,3,14,1,0,0,0,0
Osasuna,Vallecano,1,0,7,7,0,0,0,0,0
Mallorca,Levante,1,0,9,6,0,0,0,0,0
Cadiz,Valencia,0,0,2,16,0,0,0,0,0
Ath Madrid,Barcelona,2,0,6,9,2,0,0,0,0
Ath Bilbao,Alaves,1,0,16,17,1,0,0,0,0
Celta,Granada,1,0,14,7,0,0,0,0,0
Mallorca,Osasuna,2,3,17,12,2,1,0,0,0
Barcelona,Levante,3,0,20,6,2,0,0,0,0
Sociedad,Elche,1,0,17,5,0,0,0,0,0
Vallecano,Cadiz,3,1,13,6,2,1,0,0,0
Betis,Getafe,2,0,20,8,1,0,0,0,0
Alaves,Ath Madrid,1,0,7,13,1,0,0,0,0
Valencia,Ath Bilbao,1,1,13,12,0,0,0,0,0
Sevilla,Espanol,2,0,12,13,1,0,0,0,0
Real Madrid,Villarreal,0,0,15,6,0,0,0,0,0
Granada,Sociedad,2,3,10,20,1,0,0,0,0
Osasuna,Betis,1,3,11,16,1,1,0,0,0
Cadiz,Barcelona,0,0,13,6,0,0,0,0,0
Espanol,Alaves,1,0,10,8,0,0,0,0,0
Sevilla,Valencia,3,1,11,8,3,1,0,0,0
Real Madrid,Mallorca,6,1,18,17,3,1,0,0,0
Villarreal,Elche,4,1,14,9,2,1,0,0,0
Getafe,Ath Madrid,1,2,7,12,1,0,0,0,0
Ath Bilbao,Vallecano,1,2,8,8,1,1,0,0,0
Levante,Celta,0,2,6,4,0,0,0,0,0
Barcelona,Granada,1,1,17,5,0,1,0,0,0
Mallorca,Villarreal,0,0,10,11,0,0,0,0,0
Sociedad,Sevilla,0,0,11,11,0,0,0,0,0
Betis,Espanol,2,2,23,11,2,1,0,0,0
Valencia,Real Madrid,1,2,12,18,0,0,0,0,0
Vallecano,Getafe,3,0,11,13,1,0,0,0,0
Ath Madrid,Ath Bilbao,0,0,14,6,0,0,0,0,0
Elche,Levante,1,1,9,11,1,0,0,0,0
Alaves,Osasuna,0,2,8,13,0,2,0,0,0
Celta,Cadiz,1,2,14,7,0,2,0,0,0
Getafe,Elche,0,1,10,8,0,0,0,0,0
Granada,Betis,1,2,11,19,0,1,0,0,0
Espanol,Ath Madrid,1,2,9,13,1,0,0,0,0
Osasuna,Valencia,1,4,11,10,1,1,0,0,0
Cadiz,Sociedad,0,2,6,16,0,0,0,0,0
Real Madrid,Celta,5,2,15,11,1,2,0,0,0
Levante,Vallecano,1,1,7,22,1,0,0,0,0
Ath Bilbao,Mallorca,2,0,19,7,0,0,0,0,0
Barcelona,Getafe,2,1,7,8,2,1,0,0,0
Cadiz,Osasuna,2,3,7,14,1,0,0,0,0
Vallecano,Granada,4,0,19,9,3,0,0,0,0
Ath Madrid,Villarreal,2,2,24,2,0,0,0,0,0
Celta,Ath Bilbao,0,1,13,6,0,1,0,0,0
Elche,Sevilla,1,1,7,18,1,1,0,0,0
Sociedad,Levante,1,0,7,6,1,0,0,0,0
Betis,Real Madrid,0,1,11,13,0,0,0,0,0
Mallorca,Espanol,1,0,12,8,1,0,0,0,0
Valencia,Alaves,3,0,9,10,2,0,0,0,0
Getafe,Sevilla,0,1,12,9,0,0,0,0,0
Osasuna,Celta,0,0,15,4,0,0,0,0,0
Sociedad,Vallecano,1,0,13,9,0,0,0,0,0
Ath Madrid,Elche,1,0,8,4,1,0,0,0,0
Levante,Real Madrid,3,3,8,19,0,1,0,0,0
Alaves,Mallorca,0,1,9,12,0,0,0,0,0
Espanol,Villarreal,0,0,14,12,0,0,0,0,0
Granada,Valencia,1,1,9,18,1,0,0,0,0
Ath Bilbao,Barcelona,1,1,16,9,0,0,0,0,0
Betis,Cadiz,1,1,16,8,1,1,0,0,0
Villarreal,Granada,0,0,14,6,0,0,0,0,0
Elche,Ath Bilbao,0,0,8,9,0,0,0,0,0
Celta,Ath Madrid,1,2,10,13,0,1,0,0,0
Barcelona,Sociedad,4,2,13,11,2,0,0,0,0
Sevilla,Vallecano,3,0,21,4,1,0,0,0,0
Cadiz,Levante,1,1,7,12,0,1,0,0,0
Mallorca,Betis,1,1,6,10,1,0,0,0,0
Alaves,Real Madrid,1,4,11,19,0,0,0,0,0
Osasuna,Espanol,0,0,14,10,0,0,0,0,0
Valencia,Getafe,1,0,4,22,1,0,0,0,0
Granada,Getafe,0,0,9,11,0,0,0,0,0
Sevilla,Alaves,1,0,11,11,0,0,0,0,0
Celta,Betis,2,3,11,11,1,0,0,0,0
Eibar,Barcelona,0,1,17,7,0,0,0,0,0
Elche,Ath Bilbao,2,0,8,8,1,0,0,0,0
Huesca,Valencia,0,0,23,11,0,0,0,0,0
Osasuna,Sociedad,0,1,7,11,0,0,0,0,0
Real Madrid,Villarreal,2,1,14,6,0,1,0,0,0
Valladolid,Ath Madrid,1,2,10,14,1,0,0,0,0
Levante,Cadiz,2,2,17,6,1,2,0,0,0
Alaves,Granada,4,2,14,5,2,1,0,0,0
Ath Bilbao,Real Madrid,0,1,8,11,0,0,0,0,0
Ath Madrid,Osasuna,2,1,26,5,0,0,0,0,0
Barcelona,Celta,1,2,20,4,1,1,0,0,0
Betis,Huesca,1,0,10,7,0,0,0,0,0
Cadiz,Elche,1,3,7,20,1,0,0,0,0
Getafe,Levante,2,1,9,5,1,1,0,0,0
Sociedad,Valladolid,4,1,13,19,4,0,0,0,0
Valencia,Eibar,4,1,9,20,3,1,0,0,0
Villarreal,Sevilla,4,0,12,17,1,0,0,0,0
Valladolid,Villarreal,0,2,11,9,0,0,0,0,0
Eibar,Betis,1,1,14,9,0,1,0,0,0
Granada,Real Madrid,1,4,10,16,0,2,0,0,0
Sevilla,Valencia,1,0,10,6,0,0,0,0,0
Celta,Getafe,1,0,4,13,1,0,0,0,0
Huesca,Ath Bilbao,1,0,18,4,0,0,0,0,0
Ath Madrid,Sociedad,2,1,12,14,2,0,0,0,0
Osasuna,Cadiz,3,2,14,10,1,0,0,0,0
Elche,Alaves,0,2,11,9,0,1,0,0,0
Levante,Barcelona,3,3,16,17,0,2,0,0,0
Betis,Granada,2,1,14,11,1,0,0,0,0
Getafe,Eibar,0,1,10,7,0,0,0,0,0
Valencia,Valladolid,3,0,6,19,1,0,0,0,0
Villarreal,Celta,2,4,16,11,1,3,0,0,0
Real Madrid,Sevilla,2,2,16,7,0,1,0,0,0
Alaves,Levante,2,2,15,6,1,2,0,0,0
Barcelona,Ath Madrid,0,0,12,11,0,0,0,0,0
Cadiz,Huesca,2,1,11,13,2,1,0,0,0
Ath Bilbao,Osasuna,2,2,13,13,1,1,0,0,0
Sociedad,Elche,2,0,16,1,0,0,0,0,0
Sevilla,Ath Bilbao,0,1,18,8,0,0,0,0,0
Valladolid,Betis,1,1,10,11,0,0,0,0,0
Villarreal,Getafe,1,0,4,15,0,0,0,0,0
Granada,Cadiz,0,1,9,8,0,1,0,0,0
Valencia,Barcelona,2,3,9,14,0,0,0,0,0
Eibar,Alaves,3,0,15,6,1,0,0,0,0
Elche,Ath Madrid,0,1,6,11,0,1,0,0,0
Huesca,Sociedad,1,0,10,7,0,0,0,0,0
Real Madrid,Osasuna,2,0,22,3,0,0,0,0,0
Celta,Levante,2,0,8,10,0,0,0,0,0
Barcelona,Granada,1,2,16,6,1,0,0,0,0
Ath Bilbao,Valladolid,2,2,13,14,1,0,0,0,0
Eibar,Sociedad,0,1,14,5,0,1,0,0,0
Huesca,Getafe,0,2,8,6,0,1,0,0,0
Villarreal,Barcelona,1,2,10,15,1,2,0,0,0
Celta,Osasuna,2,1,7,12,1,0,0,0,0
Sevilla,Granada,2,1,10,4,1,0,0,0,0
Ath Bilbao,Ath Madrid,2,1,11,14,1,0,0,0,0
Elche,Levante,1,0,8,6,1,0,0,0,0
Valladolid,Cadiz,1,1,13,6,1,0,0,0,0
Valencia,Alaves,1,1,9,6,0,0,0,0,0
Real Madrid,Betis,0,0,17,6,0,0,0,0,0
Ath Madrid,Huesca,2,0,18,5,1,0,0,0,0
Granada,Eibar,4,1,8,16,2,0,0,0,0
Sociedad,Celta,2,1,7,10,2,1,0,0,0
Barcelona,Getafe,5,2,9,5,3,1,0,0,0
Levante,Sevilla,0,1,6,10,0,0,0,0,0
Osasuna,Valencia,3,1,18,10,2,1,0,0,0
Betis,Ath Bilbao,0,0,6,16,0,0,0,0,0
Alaves,Villarreal,2,1,9,10,1,0,0,0,0
Elche,Valladolid,1,1,9,12,1,0,0,0,0
Cadiz,Real Madrid,0,3,14,14,0,3,0,0,0
Osasuna,Elche,2,0,9,8,1,0,0,0,0
Sociedad,Sevilla,1,2,5,15,1,2,0,0,0
Alaves,Huesca,1,0,10,9,0,0,0,0,0
Ath Madrid,Eibar,5,0,10,0,2,0,0,0,0
Betis,Valencia,2,2,9,9,2,1,0,0,0
Cadiz,Celta,0,0,5,11,0,0,0,0,0
Getafe,Real Madrid,0,0,19,10,0,0,0,0,0
Levante,Villarreal,1,5,12,14,1,2,0,0,0
Celta,Sevilla,3,4,12,13,3,2,0,0,0
Villarreal,Osasuna,1,2,15,12,0,0,0,0,0
Valencia,Sociedad,2,2,9,16,0,2,0,0,0
Valladolid,Granada,1,2,7,12,1,0,0,0,0
Betis,Ath Madrid,1,1,8,10,1,1,0,0,0
Getafe,Cadiz,0,1,19,8,0,0,0,0,0
Ath Bilbao,Alaves,0,0,11,9,0,0,0,0,0
Eibar,Levante,0,1,10,6,0,1,0,0,0
Real Madrid,Barcelona,2,1,14,18,2,0,0,0,0
Huesca,Elche,3,1,8,8,2,1,0,0,0
Sociedad,Ath Bilbao,1,1,12,11,0,0,0,0,0
Barcelona,Valladolid,1,0,25,7,0,0,0,0,0
Alaves,Celta,1,3,17,8,0,3,0,0,0
Elche,Betis,1,1,7,13,1,1,0,0,0
Cadiz,Valencia,2,1,6,12,1,1,0,0,0
Sevilla,Ath Madrid,1,0,18,9,0,0,0,0,0
Granada,Villarreal,0,3,6,15,0,2,0,0,0
Real Madrid,Eibar,2,0,21,10,1,0,0,0,0
Osasuna,Getafe,0,0,4,6,0,0,0,0,0
Levante,Huesca,0,2,13,6,0,1,0,0,0
Getafe,Elche,1,1,12,6,0,1,0,0,0
Valencia,Granada,2,1,18,15,1,0,0,0,0
Villarreal,Cadiz,2,1,13,9,1,0,0,0,0
Ath Madrid,Alaves,1,0,8,9,0,0,0,0,0
Sociedad,Barcelona,1,6,10,14,0,2,0,0,0
Ath Bilbao,Eibar,1,1,18,4,1,1,0,0,0
Celta,Real Madrid,1,3,8,16,1,2,0,0,0
Huesca,Osasuna,0,0,15,7,0,0,0,0,0
Valladolid,Sevilla,1,1,3,12,1,0,0,0,0
Betis,Levante,2,0,15,7,0,0,0,0,0
Sevilla,Elche,2,0,13,11,1,0,0,0,0
Barcelona,Huesca,4,1,12,8,2,1,0,0,0
Celta,Ath Bilbao,0,0,13,6,0,0,0,0,0
Granada,Sociedad,1,0,7,7,0,0,0,0,0
Eibar,Villarreal,1,3,16,13,0,2,0,0,0
Sevilla,Betis,1,0,9,13,1,0,0,0,0
Alaves,Cadiz,1,1,9,9,1,0,0,0,0
Real Madrid,Elche,2,1,17,3,0,0,0,0,0
Osasuna,Valladolid,0,0,14,12,0,0,0,0,0
Getafe,Ath Madrid,0,0,11,15,0,0,0,0,0
Levante,Valencia,1,0,11,11,1,0,0,0,0
Ath Madrid,Ath Bilbao,2,1,11,4,1,1,0,0,0
Betis,Alaves,3,2,23,4,0,2,0,0,0
Huesca,Celta,3,4,19,10,2,2,0,0,0
Ath Madrid,Real Madrid,1,1,11,18,1,0,0,0,0
Sociedad,Levante,1,0,25,6,1,0,0,0,0
Ath Bilbao,Granada,2,1,7,13,1,0,0,0,0
Valladolid,Getafe,2,1,4,9,2,1,0,0,0
Elche,Sevilla,2,1,6,11,0,0,0,0,0
Cadiz,Eibar,1,0,6,16,1,0,0,0,0
Osasuna,Barcelona,0,2,10,13,0,1,0,0,0
Valencia,Villarreal,2,1,25,10,0,1,0,0,0
Real Madrid,Sociedad,1,1,21,6,0,0,0,0,0
Celta,Valladolid,1,1,11,7,0,0,0,0,0
Cadiz,Betis,0,1,5,9,0,0,0,0,0
Granada,Elche,2,1,13,12,1,1,0,0,0
Villarreal,Ath Madrid,0,2,19,6,0,1,0,0,0
Eibar,Huesca,1,1,17,4,0,0,0,0,0
Sevilla,Barcelona,0,2,4,9,0,1,0,0,0
Alaves,Osasuna,0,1,4,6,0,0,0,0,0
Getafe,Valencia,3,0,15,5,1,0,0,0,0
Levante,Ath Bilbao,1,1,10,11,1,0,0,0,0
Barcelona,Elche,3,0,9,6,0,0,0,0,0
Osasuna,Sevilla,0,2,6,10,0,1,0,0,0
Barcelona,Cadiz,1,1,20,3,1,0,0,0,0
Sociedad,Alaves,4,0,8,7,1,0,0,0,0
Huesca,Granada,3,2,15,8,3,1,0,0,0
Ath Bilbao,Villarreal,1,1,18,3,1,1,0,0,0
Elche,Eibar,1,0,6,13,1,0,0,0,0
Ath Madrid,Levante,0,2,28,6,0,1,0,0,0
Valencia,Celta,2,0,10,5,0,0,0,0,0
Valladolid,Real Madrid,0,1,9,10,0,0,0,0,0
Betis,Getafe,1,0,12,6,0,0,0,0,0
Levante,Ath Madrid,1,1,7,14,1,1,0,0,0
Cadiz,Ath Bilbao,0,4,11,13,0,3,0,0,0
Getafe,Sociedad,0,1,4,3,0,1,0,0,0
Real Madrid,Valencia,2,0,16,4,2,0,0,0,0
Levante,Osasuna,0,1,13,7,0,0,0,0,0
Villarreal,Betis,1,2,9,15,0,1,0,0,0
Granada,Ath Madrid,1,2,6,10,0,0,0,0,0
Sevilla,Huesca,1,0,14,9,0,0,0,0,0
Eibar,Valladolid,1,1,14,5,1,1,0,0,0
Barcelona,Alaves,5,1,17,6,2,0,0,0,0
Celta,Elche,3,1,9,7,2,0,0,0,0
Real Madrid,Getafe,2,0,14,1,0,0,0,0,0
Ath Madrid,Celta,2,2,9,7,1,1,0,0,0
Sociedad,Cadiz,4,1,17,2,2,0,0,0,0
Ath Bilbao,Valencia,1,1,11,15,1,0,0,0,0
Osasuna,Eibar,2,1,12,12,1,1,0,0,0
Betis,Barcelona,2,3,8,12,1,0,0,0,0
Levante,Granada,2,2,11,11,1,1,0,0,0
Huesca,Real Madrid,1,2,13,18,0,0,0,0,0
Elche,Villarreal,2,2,8,9,0,2,0,0,0
Sevilla,Getafe,3,0,17,5,0,0,0,0,0
Alaves,Valladolid,1,0,20,3,0,0,0,0,0
Betis,Osasuna,1,0,8,15,0,0,0,0,0
Getafe,Alaves,0,0,5,5,0,0,0,0,0
Cadiz,Ath Madrid,2,4,11,9,1,2,0,0,0
Granada,Celta,0,0,10,7,0,0,0,0,0
Barcelona,Ath Bilbao,2,1,12,7,1,0,0,0,0
Eibar,Sevilla,0,2,17,7,0,1,0,0,0
Real Madrid,Levante,1,2,8,14,1,1,0,0,0
Valencia,Elche,1,0,14,10,1,0,0,0,0
Villarreal,Sociedad,1,1,4,12,1,0,0,0,0
Valladolid,Huesca,1,3,14,11,0,1,0,0,0
Ath Bilbao,Getafe,5,1,11,6,1,1,0,0,0
Osasuna,Granada,3,1,7,12,2,0,0,0,0
Elche,Barcelona,0,2,4,15,0,1,0,0,0
Celta,Eibar,1,1,7,9,1,0,0,0,0
Ath Madrid,Valencia,3,1,14,8,1,1,0,0,0
Huesca,Villarreal,0,0,5,8,0,0,0,0,0
Sevilla,Cadiz,3,0,15,9,2,0,0,0,0
Sociedad,Betis,2,2,12,7,0,0,0,0,0
Alaves,Real Madrid,1,4,14,10,0,3,0,0,0
Levante,Valladolid,2,2,11,7,0,0,0,0,0
Valencia,Osasuna,1,1,10,14,0,1,0,0,0
Eibar,Ath Madrid,1,2,12,9,1,1,0,0,0
Getafe,Huesca,1,0,12,15,0,0,0,0,0
Betis,Celta,2,1,12,10,2,1,0,0,0
Villarreal,Granada,2,2,9,3,1,1,0,0,0
Cadiz,Levante,2,2,8,8,2,2,0,0,0
Valladolid,Elche,2,2,13,9,0,2,0,0,0
Alaves,Sevilla,1,2,12,7,1,2,0,0,0
Granada,Osasuna,2,0,9,15,2,0,0,0,0
Ath Madrid,Sevilla,2,0,5,13,1,0,0,0,0
Elche,Getafe,1,3,7,14,1,1,0,0,0
Huesca,Betis,0,2,10,15,0,0,0,0,0
Levante,Eibar,2,1,4,17,0,0,0,0,0
Cadiz,Alaves,3,1,10,5,1,1,0,0,0
Valladolid,Valencia,0,1,11,17,0,0,0,0,0
Sevilla,Sociedad,3,2,12,10,2,2,0,0,0
Granada,Barcelona,0,4,8,13,0,3,0,0,0
Osasuna,Real Madrid,0,0,8,9,0,0,0,0,0
Celta,Villarreal,0,4,8,15,0,4,0,0,0
Ath Bilbao,Barcelona,2,3,8,13,1,2,0,0,0
Valencia,Cadiz,1,1,11,9,0,0,0,0,0
Ath Bilbao,Elche,1,0,13,5,1,0,0,0,0
Alaves,Ath Madrid,1,2,4,8,0,1,0,0,0
Eibar,Granada,2,0,15,6,0,0,0,0,0
Sociedad,Osasuna,1,1,8,6,0,1,0,0,0
Huesca,Barcelona,0,1,4,20,0,1,0,0,0
Villarreal,Levante,2,1,12,9,1,0,0,0,0
Betis,Sevilla,1,1,16,6,0,0,0,0,0
Getafe,Valladolid,0,1,11,8,0,1,0,0,0
Real Madrid,Celta,2,0,9,6,1,0,0,0,0
Ath Bilbao,Sociedad,0,1,4,13,0,1,0,0,0
Osasuna,Alaves,1,1,8,15,0,0,0,0,0
Granada,Valencia,2,1,24,16,1,1,0,0,0
Ath Madrid,Getafe,1,0,10,10,1,0,0,0,0
Celta,Huesca,2,1,15,17,1,0,0,0,0
Elche,Real Madrid,1,1,6,14,0,1,0,0,0
Sevilla,Villarreal,2,0,10,6,1,0,0,0,0
Barcelona,Eibar,1,1,16,9,0,0,0,0,0
Cadiz,Valladolid,0,0,8,7,0,0,0,0,0
Levante,Betis,4,3,10,19,3,1,0,0,0
Getafe,Celta,1,1,6,2,1,1,0,0,0
Real Madrid,Granada,2,0,23,10,0,0,0,0,0
Alaves,Eibar,2,1,13,8,2,1,0,0,0
Betis,Cadiz,1,0,6,6,0,0,0,0,0
Elche,Osasuna,2,2,7,15,0,1,0,0,0
Valencia,Sevilla,0,1,10,19,0,0,0,0,0
Huesca,Levante,1,1,11,9,1,0,0,0,0
Sociedad,Ath Madrid,0,2,6,8,0,0,0,0,0
Valladolid,Barcelona,0,3,12,21,0,2,0,0,0
Villarreal,Ath Bilbao,1,1,17,9,0,1,0,0,0
Celta,Alaves,2,0,11,8,1,0,0,0,0
Granada,Betis,2,0,8,14,2,0,0,0,0
Cadiz,Getafe,0,2,8,6,0,1,0,0,0
Eibar,Real Madrid,1,3,10,11,1,2,0,0,0
Ath Madrid,Elche,3,1,12,8,1,0,0,0,0
Barcelona,Valencia,2,2,25,12,1,1,0,0,0
Levante,Sociedad,2,1,13,15,1,1,0,0,0
Osasuna,Villarreal,1,3,6,13,0,2,0,0,0
Sevilla,Valladolid,1,1,14,12,1,0,0,0,0
Ath Bilbao,Huesca,2,0,10,6,0,0,0,0,0
Barcelona,Sociedad,2,1,14,12,2,1,0,0,0
Real Madrid,Ath Bilbao,3,1,18,10,1,0,0,0,0
Celta,Cadiz,4,0,8,12,4,0,0,0,0
Sociedad,Eibar,1,1,8,16,1,0,0,0,0
Betis,Villarreal,1,1,11,7,0,1,0,0,0
Elche,Granada,0,1,9,13,0,1,0,0,0
Barcelona,Levante,1,0,24,7,0,0,0,0,0
Valencia,Ath Bilbao,2,2,11,13,1,0,0,0,0
Getafe,Sevilla,0,1,8,8,0,0,0,0,0
Huesca,Alaves,1,0,11,3,0,0,0,0,0
Real Madrid,Ath Madrid,2,0,11,5,1,0,0,0,0
Valladolid,Osasuna,3,2,11,13,1,2,0,0,0
Eibar,Valencia,0,0,19,6,0,0,0,0,0
Granada,Huesca,3,3,15,16,1,1,0,0,0
Osasuna,Betis,0,2,10,12,0,0,0,0,0
Villarreal,Elche,0,0,12,3,0,0,0,0,0
Alaves,Sociedad,0,0,5,13,0,0,0,0,0
Levante,Getafe,3,0,12,9,2,0,0,0,0
Sevilla,Real Madrid,0,1,12,10,0,0,0,0,0
Ath Madrid,Valladolid,2,0,15,13,0,0,0,0,0
Cadiz,Barcelona,2,1,7,21,1,0,0,0,0
Ath Bilbao,Celta,0,2,10,6,0,0,0,0,0
Betis,Eibar,0,2,7,11,0,0,0,0,0
Barcelona,Osasuna,4,0,20,10,2,0,0,0,0
Getafe,Ath Bilbao,1,1,11,5,0,1,0,0,0
Celta,Granada,3,1,17,9,1,1,0,0,0
Sociedad,Villarreal,1,1,8,10,1,1,0,0,0
Elche,Cadiz,1,1,4,7,1,0,0,0,0
Valencia,Ath Madrid,0,1,5,14,0,0,0,0,0
Huesca,Sevilla,0,1,5,16,0,0,0,0,0
Real Madrid,Alaves,1,2,20,11,0,1,0,0,0
Valladolid,Levante,1,1,10,10,0,0,0,0,0
Ath Bilbao,Betis,4,0,14,7,2,0,0,0,0
Eibar,Getafe,0,0,15,8,0,0,0,0,0
Cadiz,Sociedad,0,1,2,14,0,0,0,0,0
Granada,Valladolid,1,3,16,9,0,1,0,0,0
Alaves,Valencia,2,2,13,13,2,0,0,0,0
Levante,Elche,1,1,13,11,1,0,0,0,0
Villarreal,Real Madrid,1,1,13,6,0,1,0,0,0
Sevilla,Celta,4,2,15,10,2,2,0,0,0
Ath Madrid,Barcelona,1,0,9,13,1,0,0,0,0
Osasuna,Huesca,1,1,18,6,0,1,0,0,0
Getafe,Villarreal,1,3,13,9,1,2,0,0,0
Sociedad,Granada,2,0,22,2,2,0,0,0,0
Levante,Alaves,1,1,18,6,0,1,0,0,0
Valladolid,Ath Bilbao,2,1,7,17,1,0,0,0,0
Valencia,Real Madrid,4,1,7,16,2,1,0,0,0
Huesca,Eibar,1,1,14,8,0,1,0,0,0
Barcelona,Betis,5,2,18,12,1,1,0,0,0
Sevilla,Osasuna,1,0,9,10,0,0,0,0,0
Ath Madrid,Cadiz,4,0,17,10,2,0,0,0,0
Elche,Celta,1,1,8,14,1,1,0,0,0
Villarreal,Valladolid,2,0,11,11,2,0,0,0,0
Betis,Elche,3,1,17,4,2,0,0,0,0
Celta,Sociedad,1,4,9,9,0,2,0,0,0
Granada,Levante,1,1,5,19,1,1,0,0,0
Valencia,Getafe,2,2,11,16,1,0,0,0,0
Real Madrid,Huesca,4,1,13,9,2,0,0,0,0
Ath Bilbao,Sevilla,2,1,16,7,0,1,0,0,0
Osasuna,Ath Madrid,1,3,8,11,0,1,0,0,0
Alaves,Barcelona,1,1,4,25,1,0,0,0,0
Eibar,Cadiz,0,2,9,6,0,2,0,0,0
Levante,Celta,1,1,10,10,0,0,0,0,0
Valladolid,Alaves,0,2,5,14,0,0,0,0,0
Cadiz,Villarreal,0,0,5,7,0,0,0,0,0
Getafe,Granada,0,1,10,5,0,1,0,0,0
Sociedad,Huesca,4,1,13,6,1,0,0,0,0
Barcelona,Real Madrid,1,3,10,15,1,1,0,0,0
Osasuna,Ath Bilbao,1,0,7,13,0,0,0,0,0
Sevilla,Eibar,0,1,21,3,0,1,0,0,0
Ath Madrid,Betis,2,0,13,12,0,0,0,0,0
Elche,Valencia,2,1,3,14,2,0,0,0,0
Eibar,Osasuna,0,0,10,8,0,0,0,0,0
Ath Bilbao,Levante,2,0,14,6,0,0,0,0,0
Villarreal,Valencia,2,1,16,11,1,1,0,0,0
Alaves,Elche,0,2,13,7,0,1,0,0,0
Huesca,Valladolid,2,2,12,5,0,1,0,0,0
Betis,Sociedad,0,3,7,8,0,1,0,0,0
Granada,Sevilla,1,0,13,8,0,0,0,0,0
Celta,Ath Madrid,0,2,15,9,0,1,0,0,0
Real Madrid,Cadiz,0,1,14,14,0,1,0,0,0
Getafe,Barcelona,1,0,9,7,0,0,0,0,0
Osasuna,Celta,2,0,14,9,1,0,0,0,0
Alaves,Ath Bilbao,1,0,8,8,0,0,0,0,0
Levante,Real Madrid,0,2,11,13,0,1,0,0,0
Cadiz,Granada,1,1,14,13,0,1,0,0,0
Barcelona,Sevilla,1,1,12,13,1,1,0,0,0
Valladolid,Eibar,1,2,9,11,1,1,0,0,0
Ath Madrid,Villarreal,0,0,14,6,0,0,0,0,0
Elche,Huesca,0,0,2,18,0,0,0,0,0
Sociedad,Getafe,3,0,11,5,1,0,0,0,0
Valencia,Betis,0,2,5,17,0,1,0,0,0
Ath Bilbao,Cadiz,0,1,13,3,0,0,0,0,0
Sevilla,Levante,1,0,16,3,0,0,0,0,0
Celta,Barcelona,0,3,10,6,0,1,0,0,0
Huesca,Ath Madrid,0,0,9,16,0,0,0,0,0
Villarreal,Alaves,3,1,10,8,2,1,0,0,0
Eibar,Elche,0,1,12,5,0,1,0,0,0
Real Madrid,Valladolid,1,0,15,11,0,0,0,0,0
Sociedad,Valencia,0,1,11,9,0,0,0,0,0
Getafe,Betis,3,0,8,10,3,0,0,0,0
Osasuna,Levante,1,3,9,11,1,1,0,0,0
Eibar,Ath Bilbao,1,2,7,9,0,1,0,0,0
Ath Madrid,Granada,6,1,17,11,1,0,0,0,0
Cadiz,Sevilla,1,3,12,14,0,0,0,0,0
Valladolid,Celta,1,1,10,5,0,1,0,0,0
Barcelona,Villarreal,4,0,17,5,4,0,0,0,0
Alaves,Getafe,0,0,9,11,0,0,0,0,0
Valencia,Huesca,1,1,5,17,1,0,0,0,0
Elche,Sociedad,0,3,5,27,0,0,0,0,0
Betis,Real Madrid,2,3,15,11,2,1,0,0,0
Huesca,Cadiz,0,2,4,6,0,1,0,0,0
Betis,Valladolid,2,0,16,9,2,0,0,0,0
Granada,Alaves,2,1,10,5,1,1,0,0,0
Sociedad,Real Madrid,0,0,6,16,0,0,0,0,0
Villarreal,Eibar,2,1,14,12,0,0,0,0,0
Getafe,Osasuna,1,0,7,10,0,0,0,0,0
Celta,Valencia,2,1,23,9,1,0,0,0,0
Alaves,Betis,0,1,7,11,0,0,0,0,0
Valladolid,Sociedad,1,1,8,8,1,0,0,0,0
Villarreal,Huesca,1,1,15,10,0,1,0,0,0
Valencia,Levante,4,2,14,19,2,2,0,0,0
Eibar,Celta,0,0,8,6,0,0,0,0,0
Granada,Ath Bilbao,2,0,4,9,0,0,0,0,0
Cadiz,Osasuna,0,2,12,6,0,1,0,0,0
Alaves,Barcelona,0,5,8,16,0,3,0,0,0
Valladolid,Betis,2,0,13,10,1,0,0,0,0
Villarreal,Eibar,4,0,12,11,0,0,0,0,0
Ath Madrid,Sociedad,1,1,6,10,1,0,0,0,0
Espanol,Celta,0,0,8,9,0,0,0,0,0
Granada,Ath Bilbao,4,0,11,11,1,0,0,0,0
Leganes,Real Madrid,2,2,15,7,1,1,0,0,0
Levante,Getafe,1,0,13,13,0,0,0,0,0
Osasuna,Mallorca,2,2,12,12,1,1,0,0,0
Sevilla,Valencia,1,0,16,8,0,0,0,0,0
Eibar,Valladolid,3,1,13,17,2,0,0,0,0
Ath Bilbao,Leganes,0,2,10,16,0,0,0,0,0
Barcelona,Osasuna,1,2,19,9,0,1,0,0,0
Betis,Alaves,1,2,14,9,0,0,0,0,0
Celta,Levante,2,3,16,8,2,2,0,0,0
Getafe,Ath Madrid,0,2,15,11,0,0,0,0,0
Mallorca,Granada,1,2,18,14,1,1,0,0,0
Real Madrid,Villarreal,2,1,12,8,1,0,0,0,0
Sociedad,Sevilla,0,0,11,8,0,0,0,0,0
Valencia,Espanol,1,0,9,18,1,0,0,0,0
Alaves,Getafe,0,0,3,14,0,0,0,0,0
Villarreal,Sociedad,1,2,9,11,0,0,0,0,0
Granada,Real Madrid,1,2,13,11,0,2,0,0,0
Espanol,Eibar,0,2,14,11,0,2,0,0,0
Levante,Ath Bilbao,1,2,5,12,0,2,0,0,0
Leganes,Valencia,1,0,10,16,1,0,0,0,0
Sevilla,Mallorca,2,0,14,14,1,0,0,0,0
Osasuna,Celta,2,1,15,12,1,1,0,0,0
Valladolid,Barcelona,0,1,13,9,0,1,0,0,0
Ath Madrid,Betis,1,0,9,21,0,0,0,0,0
Sociedad,Granada,2,3,19,4,0,2,0,0,0
Real Madrid,Alaves,2,0,18,10,1,0,0,0,0
Eibar,Leganes,0,0,4,10,0,0,0,0,0
Mallorca,Levante,2,0,15,14,1,0,0,0,0
Ath Bilbao,Sevilla,1,2,13,20,1,0,0,0,0
Betis,Osasuna,3,0,14,8,2,0,0,0,0
Getafe,Villarreal,1,3,5,6,0,0,0,0,0
Barcelona,Espanol,1,0,9,11,0,0,0,0,0
Valencia,Valladolid,2,1,10,11,1,0,0,0,0
Celta,Ath Madrid,1,1,9,10,0,1,0,0,0
Levante,Sociedad,1,1,9,8,1,1,0,0,0
Sevilla,Eibar,1,0,8,19,0,0,0,0,0
Ath Bilbao,Real Madrid,0,1,7,10,0,0,0,0,0
Espanol,Leganes,0,1,7,4,0,0,0,0,0
Osasuna,Getafe,0,0,6,6,0,0,0,0,0
Villarreal,Barcelona,1,4,11,18,1,3,0,0,0
Celta,Betis,1,1,5,10,1,0,0,0,0
Valladolid,Alaves,1,0,5,7,0,0,0,0,0
Granada,Valencia,2,2,17,4,0,0,0,0,0
Ath Madrid,Mallorca,3,0,15,13,2,0,0,0,0
Eibar,Osasuna,0,2,11,9,0,1,0,0,0
Sociedad,Espanol,2,1,12,4,0,1,0,0,0
Real Madrid,Getafe,1,0,8,10,0,0,0,0,0
Alaves,Granada,0,2,11,7,0,1,0,0,0
Valencia,Ath Bilbao,0,2,10,12,0,1,0,0,0
Betis,Villarreal,0,2,9,15,0,2,0,0,0
Valladolid,Levante,0,0,15,8,0,0,0,0,0
Mallorca,Celta,5,1,9,12,3,0,0,0,0
Leganes,Sevilla,0,3,9,11,0,2,0,0,0
Barcelona,Ath Madrid,2,2,12,10,1,1,0,0,0
Getafe,Sociedad,2,1,11,5,1,0,0,0,0
Levante,Betis,4,2,9,17,2,0,0,0,0
Villarreal,Valencia,2,0,17,4,2,0,0,0,0
Granada,Eibar,1,2,14,13,0,1,0,0,0
Espanol,Real Madrid,0,1,8,14,0,1,0,0,0
Ath Bilbao,Mallorca,3,1,12,14,2,0,0,0,0
Celta,Barcelona,2,2,10,18,0,1,0,0,0
Osasuna,Leganes,2,1,6,21,1,0,0,0,0
Ath Madrid,Alaves,2,1,14,6,0,0,0,0,0
Sevilla,Valladolid,1,1,15,11,0,1,0,0,0
Eibar,Valencia,1,0,14,7,1,0,0,0,0
Betis,Espanol,1,0,13,9,0,0,0,0,0
Alaves,Osasuna,0,1,5,7,0,0,0,0,0
Sociedad,Celta,0,1,13,4,0,1,0,0,0
Real Madrid,Mallorca,2,0,14,11,1,0,0,0,0
Levante,Ath Madrid,0,1,12,12,0,1,0,0,0
Valladolid,Getafe,1,1,6,15,1,1,0,0,0
Barcelona,Ath Bilbao,1,0,18,6,0,0,0,0,0
Villarreal,Sevilla,2,2,7,14,2,1,0,0,0
Leganes,Granada,0,0,9,4,0,0,0,0,0
Celta,Alaves,6,0,15,4,4,0,0,0,0
Valencia,Osasuna,2,0,7,13,2,0,0,0,0
Sociedad,Real Madrid,1,2,10,10,0,0,0,0,0
Espanol,Levante,1,3,10,14,1,1,0,0,0
Ath Bilbao,Betis,1,0,12,9,1,0,0,0,0
Getafe,Eibar,1,1,9,8,1,1,0,0,0
Ath Madrid,Valladolid,1,0,15,6,0,0,0,0,0
Granada,Villarreal,0,1,14,5,0,1,0,0,0
Mallorca,Leganes,1,1,7,16,1,0,0,0,0
Sevilla,Barcelona,0,0,8,10,0,0,0,0,0
Alaves,Sociedad,2,0,15,9,0,0,0,0,0
Real Madrid,Valencia,3,0,19,4,0,0,0,0,0
Eibar,Ath Bilbao,2,2,12,6,1,1,0,0,0
Valladolid,Celta,0,0,6,11,0,0,0,0,0
Osasuna,Ath Madrid,0,5,13,10,0,1,0,0,0
Getafe,Espanol,0,0,21,5,0,0,0,0,0
Villarreal,Mallorca,1,0,10,15,1,0,0,0,0
Barcelona,Leganes,2,0,10,6,1,0,0,0,0
Levante,Sevilla,1,1,11,10,0,0,0,0,0
Betis,Granada,2,2,18,8,0,1,0,0,0
Ath Bilbao,Ath Madrid,1,1,10,9,1,1,0,0,0
Real Madrid,Eibar,3,1,6,9,3,0,0,0,0
Sociedad,Osasuna,1,1,9,8,0,1,0,0,0
Espanol,Alaves,2,0,19,1,1,0,0,0,0
Celta,Villarreal,0,1,4,15,0,0,0,0,0
Leganes,Valladolid,1,2,11,6,0,1,0,0,0
Mallorca,Barcelona,0,4,13,12,0,2,0,0,0
Granada,Getafe,2,1,10,6,0,1,0,0,0
Valencia,Levante,1,1,12,14,0,0,0,0,0
Sevilla,Betis,2,0,13,12,0,0,0,0,0
Eibar,Sociedad,1,2,13,6,0,1,0,0,0
Osasuna,Espanol,1,0,17,8,0,0,0,0,0
Valladolid,Ath Bilbao,1,4,19,10,0,2,0,0,0
Levante,Granada,1,1,11,10,1,0,0,0,0
Villarreal,Leganes,1,2,15,12,1,0,0,0,0
Betis,Real Madrid,2,1,14,13,1,1,0,0,0
Eibar,Mallorca,1,2,13,10,0,1,0,0,0
Ath Madrid,Sevilla,2,2,21,12,2,2,0,0,0
Barcelona,Sociedad,1,0,13,9,0,0,0,0,0
Getafe,Celta,0,0,19,3,0,0,0,0,0
Alaves,Valencia,1,1,13,6,0,1,0,0,0
Sevilla,Osasuna,3,2,12,14,2,0,0,0,0
Ath Bilbao,Villarreal,1,0,18,10,0,0,0,0,0
Espanol,Ath Madrid,1,1,9,5,1,0,0,0,0
Mallorca,Getafe,0,1,4,9,0,0,0,0,0
Real Madrid,Barcelona,2,0,13,9,0,0,0,0,0
Eibar,Levante,3,0,13,11,1,0,0,0,0
Valencia,Betis,2,1,10,14,0,0,0,0,0
Leganes,Alaves,1,1,19,8,0,0,0,0,0
Granada,Celta,0,0,14,6,0,0,0,0,0
Sociedad,Valladolid,1,0,13,6,0,0,0,0,0
Osasuna,Granada,0,3,14,10,0,3,0,0,0
Alaves,Ath Bilbao,2,1,4,13,1,1,0,0,0
Valladolid,Espanol,2,1,21,6,0,0,0,0,0
Getafe,Sevilla,0,3,10,8,0,1,0,0,0
Ath Madrid,Villarreal,3,1,16,10,1,1,0,0,0
Celta,Leganes,1,0,3,11,0,0,0,0,0
Barcelona,Eibar,5,0,13,12,3,0,0,0,0
Sociedad,Valencia,3,0,19,6,2,0,0,0,0
Levante,Real Madrid,1,0,8,19,0,0,0,0,0
Betis,Mallorca,3,3,19,11,2,2,0,0,0
Sevilla,Espanol,2,2,18,5,1,1,0,0,0
Leganes,Betis,0,0,11,3,0,0,0,0,0
Ath Bilbao,Osasuna,0,1,12,6,0,1,0,0,0
Real Madrid,Celta,2,2,15,5,0,1,0,0,0
Mallorca,Alaves,1,0,14,10,0,0,0,0,0
Barcelona,Getafe,2,1,12,7,2,0,0,0,0
Villarreal,Levante,2,1,14,11,1,0,0,0,0
Granada,Valladolid,2,1,11,6,0,0,0,0,0
Valencia,Ath Madrid,2,2,9,8,1,2,0,0,0
Espanol,Mallorca,1,0,12,7,0,0,0,0,0
Sociedad,Ath Bilbao,2,1,14,6,0,0,0,0,0
Osasuna,Real Madrid,1,4,14,17,1,2,0,0,0
Celta,Sevilla,2,1,13,12,0,1,0,0,0
Betis,Barcelona,2,3,7,10,2,2,0,0,0
Levante,Leganes,2,0,9,12,2,0,0,0,0
Getafe,Valencia,3,0,22,5,0,0,0,0,0
Valladolid,Villarreal,1,1,8,8,1,0,0,0,0
Ath Madrid,Granada,1,0,6,10,1,0,0,0,0
Alaves,Eibar,2,1,9,5,0,0,0,0,0
Leganes,Sociedad,2,1,12,2,0,1,0,0,0
Eibar,Betis,1,1,8,14,1,1,0,0,0
Ath Bilbao,Getafe,0,2,8,9,0,1,0,0,0
Sevilla,Alaves,1,1,14,4,0,0,0,0,0
Villarreal,Osasuna,3,1,9,17,1,0,0,0,0
Barcelona,Levante,2,1,23,10,2,0,0,0,0
Granada,Espanol,2,1,8,22,1,1,0,0,0
Real Madrid,Ath Madrid,1,0,16,4,0,0,0,0,0
Mallorca,Valladolid,0,1,16,15,0,0,0,0,0
Valencia,Celta,1,0,9,11,0,0,0,0,0
Ath Madrid,Leganes,0,0,14,10,0,0,0,0,0
Celta,Eibar,0,0,18,5,0,0,0,0,0
Getafe,Betis,1,0,7,8,0,0,0,0,0
Sociedad,Mallorca,3,0,14,8,0,0,0,0,0
Valladolid,Real Madrid,0,1,4,12,0,0,0,0,0
Espanol,Ath Bilbao,1,1,9,11,0,1,0,0,0
Valencia,Barcelona,2,0,8,14,0,0,0,0,0
Alaves,Villarreal,1,2,12,11,0,1,0,0,0
Sevilla,Granada,2,0,12,8,2,0,0,0,0
Osasuna,Levante,2,0,15,6,0,0,0,0,0
Mallorca,Valencia,4,1,13,8,3,0,0,0,0
Betis,Sociedad,3,0,14,7,2,0,0,0,0
Villarreal,Espanol,1,2,21,16,0,1,0,0,0
Ath Bilbao,Celta,1,1,22,7,0,0,0,0,0
Barcelona,Granada,1,0,18,5,0,0,0,0,0
Levante,Alaves,0,1,20,14,0,0,0,0,0
Real Madrid,Sevilla,2,1,13,8,0,0,0,0,0
Osasuna,Valladolid,0,0,21,5,0,0,0,0,0
Eibar,Ath Madrid,2,0,9,12,1,0,0,0,0
Leganes,Getafe,0,3,8,8,0,3,0,0,0
Granada,Mallorca,1,0,7,17,1,0,0,0,0
Sociedad,Villarreal,1,2,10,14,1,0,0,0,0
Alaves,Betis,1,1,6,10,1,0,0,0,0
Celta,Osasuna,1,1,20,8,0,0,0,0,0
Valencia,Eibar,1,0,9,10,1,0,0,0,0
Getafe,Real Madrid,0,3,15,10,0,1,0,0,0
Ath Madrid,Levante,2,1,17,6,2,1,0,0,0
Espanol,Barcelona,2,2,8,14,1,0,0,0,0
Valladolid,Leganes,2,2,14,12,1,2,0,0,0
Sevilla,Ath Bilbao,1,1,9,6,0,1,0,0,0
Leganes,Espanol,2,0,11,9,1,0,0,0,0
Osasuna,Sociedad,3,4,19,13,1,3,0,0,0
Betis,Ath Madrid,1,2,15,8,0,0,0,0,0
Levante,Celta,3,1,13,12,0,1,0,0,0
Real Madrid,Ath Bilbao,0,0,20,8,0,0,0,0,0
Mallorca,Sevilla,0,2,8,13,0,1,0,0,0
Barcelona,Alaves,4,1,8,5,2,0,0,0,0
Villarreal,Getafe,1,0,11,7,0,0,0,0,0
Valladolid,Valencia,1,1,14,5,0,0,0,0,0
Eibar,Granada,3,0,21,12,2,0,0,0,0
Barcelona,Real Madrid,0,0,9,17,0,0,0,0,0
Getafe,Valladolid,2,0,7,10,1,0,0,0,0
Celta,Mallorca,2,2,18,8,1,1,0,0,0
Espanol,Betis,2,2,16,10,2,1,0,0,0
Sevilla,Villarreal,1,2,24,9,0,1,0,0,0
Valencia,Real Madrid,1,1,9,19,0,0,0,0,0
Granada,Levante,1,2,18,13,0,0,0,0,0
Sociedad,Barcelona,2,2,19,9,1,1,0,0,0
Ath Bilbao,Eibar,0,0,8,8,0,0,0,0,0
Ath Madrid,Osasuna,2,0,19,15,0,0,0,0,0
Alaves,Leganes,1,1,10,3,0,1,0,0,0
Eibar,Getafe,0,1,6,6,0,0,0,0,0
Betis,Ath Bilbao,3,2,10,8,3,1,0,0,0
Valladolid,Sociedad,0,0,4,16,0,0,0,0,0
Leganes,Celta,3,2,15,9,2,0,0,0,0
Osasuna,Sevilla,1,1,10,13,1,1,0,0,0
Real Madrid,Espanol,2,0,18,6,1,0,0,0,0
Granada,Alaves,3,0,13,5,0,0,0,0,0
Levante,Valencia,2,4,17,10,2,1,0,0,0
Barcelona,Mallorca,5,2,25,9,4,1,0,0,0
Villarreal,Ath Madrid,0,0,23,18,0,0,0,0,0
Sevilla,Leganes,1,0,16,8,0,0,0,0,0
Ath Bilbao,Granada,2,0,14,8,1,0,0,0,0
Espanol,Osasuna,2,4,12,14,1,0,0,0,0
Getafe,Levante,4,0,13,7,0,0,0,0,0
Ath Madrid,Barcelona,0,1,17,13,0,0,0,0,0
Alaves,Real Madrid,1,2,8,12,0,0,0,0,0
Sociedad,Eibar,4,1,15,10,1,1,0,0,0
Mallorca,Betis,1,2,16,15,0,2,0,0,0
Valencia,Villarreal,2,1,13,24,0,0,0,0,0
Celta,Valladolid,0,0,13,9,0,0,0,0,0
Espanol,Getafe,1,1,6,11,1,1,0,0,0
Osasuna,Ath Bilbao,1,2,12,6,0,1,0,0,0
Eibar,Alaves,0,2,18,7,0,0,0,0,0
Villarreal,Celta,1,3,15,11,0,0,0,0,0
Valladolid,Sevilla,0,1,7,4,0,1,0,0,0
Leganes,Barcelona,1,2,9,11,1,0,0,0,0
Betis,Valencia,2,1,25,9,1,1,0,0,0
Granada,Ath Madrid,1,1,9,17,0,0,0,0,0
Real Madrid,Sociedad,3,1,18,11,1,1,0,0,0
Levante,Mallorca,2,1,13,14,0,0,0,0,0
Mallorca,Villarreal,3,1,5,22,2,0,0,0,0
Ath Bilbao,Levante,2,1,23,8,0,1,0,0,0
Ath Madrid,Espanol,3,1,18,10,1,1,0,0,0
Getafe,Osasuna,0,0,14,4,0,0,0,0,0
Betis,Sevilla,1,2,18,10,1,1,0,0,0
Alaves,Valladolid,3,0,14,7,2,0,0,0,0
Valencia,Granada,2,0,12,13,0,0,0,0,0
Eibar,Real Madrid,0,4,14,10,0,3,0,0,0
Barcelona,Celta,4,1,10,6,2,1,0,0,0
Sociedad,Leganes,1,1,11,6,0,0,0,0,0
Valladolid,Mallorca,3,0,12,14,1,0,0,0,0
Villarreal,Ath Bilbao,0,0,11,12,0,0,0,0,0
Osasuna,Alaves,4,2,19,11,3,1,0,0,0
Celta,Getafe,0,1,6,9,0,1,0,0,0
Leganes,Eibar,1,2,12,7,1,1,0,0,0
Granada,Sociedad,1,2,5,9,1,1,0,0,0
Espanol,Valencia,1,2,13,11,1,0,0,0,0
Levante,Barcelona,3,1,9,9,0,1,0,0,0
Sevilla,Ath Madrid,1,1,11,14,1,0,0,0,0
Real Madrid,Betis,0,0,22,13,0,0,0,0,0
Eibar,Villarreal,2,1,25,9,0,0,0,0,0
Mallorca,Osasuna,2,2,11,12,1,0,0,0,0
Getafe,Granada,3,1,8,10,2,0,0,0,0
Sociedad,Levante,1,2,17,13,0,2,0,0,0
Valencia,Sevilla,1,1,10,10,0,1,0,0,0
Ath Bilbao,Espanol,3,0,7,12,2,0,0,0,0
Betis,Celta,2,1,11,18,1,0,0,0,0
Real Madrid,Leganes,5,0,22,5,3,0,0,0,0
Alaves,Ath Madrid,1,1,11,9,0,0,0,0,0
Barcelona,Valladolid,5,1,18,9,3,1,0,0,0
Celta,Sociedad,0,1,9,9,0,0,0,0,0
Granada,Betis,1,0,13,12,0,0,0,0,0
Levante,Espanol,0,1,7,14,0,1,0,0,0
Sevilla,Getafe,2,0,15,9,0,0,0,0,0
Osasuna,Valencia,3,1,21,2,1,1,0,0,0
Leganes,Mallorca,1,0,9,9,1,0,0,0,0
Valladolid,Eibar,2,0,8,13,2,0,0,0,0
Ath Madrid,Ath Bilbao,2,0,9,9,1,0,0,0,0
Villarreal,Alaves,4,1,19,12,1,0,0,0,0
Alaves,Celta,2,0,12,14,0,0,0,0,0
Sociedad,Betis,3,1,18,12,2,1,0,0,0
Espanol,Villarreal,0,1,18,11,0,1,0,0,0
Ath Bilbao,Valladolid,1,1,19,9,1,0,0,0,0
Sevilla,Levante,1,0,19,12,0,0,0,0,0
Eibar,Barcelona,0,3,5,9,0,1,0,0,0
Ath Madrid,Valencia,1,1,15,11,1,0,0,0,0
Getafe,Leganes,2,0,5,7,0,0,0,0,0
Mallorca,Real Madrid,1,0,5,13,1,0,0,0,0
Granada,Osasuna,1,0,6,9,1,0,0,0,0
Mallorca,Espanol,2,0,9,11,1,0,0,0,0
Celta,Ath Bilbao,1,0,13,6,0,0,0,0,0
Valladolid,Ath Madrid,0,0,5,9,0,0,0,0,0
Sociedad,Getafe,1,2,6,13,1,0,0,0,0
Barcelona,Sevilla,4,0,15,16,3,0,0,0,0
Leganes,Levante,1,2,25,9,0,1,0,0,0
Real Madrid,Granada,4,2,17,8,2,0,0,0,0
Valencia,Alaves,2,1,11,10,1,0,0,0,0
Osasuna,Villarreal,2,1,16,16,0,1,0,0,0
Betis,Eibar,1,1,12,8,0,1,0,0,0
Espanol,Valladolid,0,2,16,9,0,1,0,0,0
Eibar,Celta,2,0,7,3,0,0,0,0,0
Alaves,Mallorca,2,0,11,5,0,0,0,0,0
Levante,Osasuna,1,1,10,18,1,0,0,0,0
Sevilla,Sociedad,3,2,21,5,1,1,0,0,0
Ath Bilbao,Valencia,0,1,14,10,0,1,0,0,0
Getafe,Barcelona,0,2,8,10,0,1,0,0,0
Granada,Leganes,1,0,11,15,1,0,0,0,0
Ath Madrid,Real Madrid,0,0,7,14,0,0,0,0,0
Villarreal,Betis,5,1,17,11,1,0,0,0,0
Eibar,Sevilla,3,2,11,7,0,2,0,0,0
Celta,Espanol,1,1,14,10,0,0,0,0,0
Sociedad,Alaves,3,0,21,5,3,0,0,0,0
Leganes,Ath Bilbao,1,1,7,9,0,0,0,0,0
Mallorca,Ath Madrid,0,2,9,13,0,1,0,0,0
Valencia,Getafe,3,3,8,18,3,1,0,0,0
Real Madrid,Osasuna,2,0,15,4,1,0,0,0,0
Valladolid,Granada,1,1,9,6,1,1,0,0,0
Betis,Levante,3,1,17,17,1,1,0,0,0
Barcelona,Villarreal,2,1,8,11,2,1,0,0,0
Getafe,Mallorca,4,2,14,7,2,0,0,0,0
Espanol,Sociedad,1,3,17,10,0,2,0,0,0
Valencia,Leganes,1,1,13,13,1,1,0,0,0
Ath Bilbao,Alaves,2,0,13,5,1,0,0,0,0
Sevilla,Real Madrid,0,1,9,7,0,0,0,0,0
Villarreal,Valladolid,2,0,18,7,0,0,0,0,0
Levante,Eibar,0,0,13,18,0,0,0,0,0
Ath Madrid,Celta,0,0,20,6,0,0,0,0,0
Granada,Barcelona,2,0,9,8,1,0,0,0,0
Osasuna,Betis,0,0,12,7,0,0,0,0,0
Eibar,Espanol,1,2,11,7,0,0,0,0,0
Alaves,Sevilla,0,1,7,19,0,1,0,0,0
Celta,Granada,0,2,4,13,0,1,0,0,0
Valladolid,Osasuna,1,1,11,17,0,0,0,0,0
Betis,Getafe,1,1,7,12,0,1,0,0,0
Real Madrid,Levante,3,2,25,8,3,0,0,0,0
Leganes,Villarreal,0,3,10,8,0,2,0,0,0
Sociedad,Ath Madrid,2,0,14,12,0,0,0,0,0
Barcelona,Valencia,5,2,17,9,2,1,0,0,0
Mallorca,Ath Bilbao,0,0,10,11,0,0,0,0,0
Valencia,Mallorca,2,0,9,12,1,0,0,0,0
Ath Madrid,Eibar,3,2,7,6,1,2,0,0,0
Espanol,Granada,0,3,15,14,0,1,0,0,0
Villarreal,Real Madrid,2,2,10,17,1,1,0,0,0
Osasuna,Barcelona,2,2,15,8,1,0,0,0,0
Getafe,Alaves,1,1,15,5,1,1,0,0,0
Levante,Valladolid,2,0,16,15,0,0,0,0,0
Betis,Leganes,2,1,17,19,0,0,0,0,0
Sevilla,Celta,1,1,19,2,0,0,0,0,0
Ath Bilbao,Sociedad,2,0,15,2,2,0,0,0,0
Alaves,Espanol,0,0,10,5,0,0,0,0,0
Mallorca,Sociedad,0,1,12,12,0,0,0,0,0
Leganes,Ath Madrid,0,1,10,6,0,0,0,0,0
Barcelona,Betis,5,2,20,4,1,1,0,0,0
Osasuna,Eibar,0,0,6,12,0,0,0,0,0
Real Madrid,Valladolid,1,1,22,9,0,0,0,0,0
Celta,Valencia,1,0,11,9,1,0,0,0,0
Getafe,Ath Bilbao,1,1,6,4,1,1,0,0,0
Granada,Sevilla,0,1,12,11,0,0,0,0,0
Levante,Villarreal,2,1,16,23,0,1,0,0,0
Alaves,Levante,1,0,9,16,0,0,0,0,0
Espanol,Sevilla,0,2,7,12,0,1,0,0,0
Betis,Valladolid,1,2,13,14,0,0,0,0,0
Ath Madrid,Getafe,1,0,5,6,1,0,0,0,0
Celta,Real Madrid,1,3,7,17,0,1,0,0,0
Valencia,Sociedad,1,1,14,12,0,0,0,0,0
Mallorca,Eibar,2,1,16,11,1,0,0,0,0
Leganes,Osasuna,0,1,13,4,0,0,0,0,0
Villarreal,Granada,4,4,12,14,1,1,0,0,0
Ath Bilbao,Barcelona,1,0,11,11,0,0,0,0,0
Eibar,Barcelona,2,2,15,6,2,2,0,0,0
Real Madrid,Betis,0,2,9,9,0,0,0,0,0
Alaves,Girona,2,1,14,13,1,0,0,0,0
Celta,Vallecano,2,2,14,11,0,1,0,0,0
Espanol,Sociedad,2,0,9,11,0,0,0,0,0
Getafe,Villarreal,2,2,17,8,1,1,0,0,0
Huesca,Leganes,2,1,15,9,0,1,0,0,0
Levante,Ath Madrid,2,2,17,17,2,0,0,0,0
Sevilla,Ath Bilbao,2,0,9,9,1,0,0,0,0
Valladolid,Valencia,0,2,19,9,0,1,0,0,0
Ath Bilbao,Celta,3,1,8,3,3,0,0,0,0
Ath Madrid,Sevilla,1,1,11,11,1,0,0,0,0
Barcelona,Getafe,2,0,13,11,1,0,0,0,0
Betis,Huesca,2,1,17,9,1,0,0,0,0
Girona,Levante,1,2,14,6,0,0,0,0,0
Leganes,Espanol,0,2,11,19,0,1,0,0,0
Sociedad,Real Madrid,3,1,19,6,1,1,0,0,0
Valencia,Alaves,3,1,10,10,2,1,0,0,0
Vallecano,Valladolid,1,2,16,9,0,1,0,0,0
Villarreal,Eibar,1,0,11,4,0,0,0,0,0
Eibar,Betis,1,0,14,12,1,0,0,0,0
Getafe,Girona,2,0,13,4,1,0,0,0,0
Huesca,Valencia,2,6,24,10,0,5,0,0,0
Real Madrid,Villarreal,3,2,24,15,2,1,0,0,0
Valladolid,Ath Bilbao,1,0,10,9,1,0,0,0,0
Alaves,Sociedad,0,1,17,9,0,1,0,0,0
Celta,Barcelona,2,0,14,8,0,0,0,0,0
Espanol,Ath Madrid,3,0,11,11,1,0,0,0,0
Levante,Vallecano,4,1,12,20,2,0,0,0,0
Sevilla,Leganes,0,3,7,9,0,2,0,0,0
Betis,Espanol,1,1,18,10,0,1,0,0,0
Girona,Sevilla,1,0,15,7,0,0,0,0,0
Sociedad,Getafe,2,1,11,12,1,0,0,0,0
Valencia,Eibar,0,1,7,13,0,0,0,0,0
Vallecano,Real Madrid,1,0,11,9,1,0,0,0,0
Villarreal,Huesca,1,1,18,13,1,0,0,0,0
Ath Bilbao,Alaves,1,1,14,14,1,1,0,0,0
Ath Madrid,Valladolid,1,0,13,13,0,0,0,0,0
Barcelona,Levante,1,0,23,7,0,0,0,0,0
Leganes,Celta,0,0,10,8,0,0,0,0,0
Getafe,Real Madrid,0,0,9,12,0,0,0,0,0
Sevilla,Vallecano,5,0,20,12,0,0,0,0,0
Sociedad,Villarreal,0,1,13,8,0,0,0,0,0
Ath Madrid,Valencia,3,2,14,12,1,1,0,0,0
Espanol,Celta,1,1,9,18,1,0,0,0,0
Leganes,Ath Bilbao,0,1,14,3,0,1,0,0,0
Levante,Betis,4,0,6,7,2,0,0,0,0
Alaves,Barcelona,0,2,6,17,0,0,0,0,0
Huesca,Eibar,2,0,12,7,0,0,0,0,0
Valladolid,Girona,1,0,13,6,0,0,0,0,0
Betis,Valencia,1,2,23,4,0,1,0,0,0
Getafe,Sevilla,3,0,10,12,2,0,0,0,0
Levante,Espanol,2,2,19,14,0,1,0,0,0
Real Madrid,Ath Bilbao,3,0,11,5,0,0,0,0,0
Villarreal,Leganes,2,1,11,6,0,0,0,0,0
Barcelona,Sociedad,2,1,11,9,1,0,0,0,0
Celta,Girona,2,1,13,9,1,0,0,0,0
Eibar,Ath Madrid,0,1,10,8,0,0,0,0,0
Vallecano,Huesca,0,0,16,10,0,0,0,0,0
Alaves,Valladolid,2,2,10,12,2,1,0,0,0
Leganes,Real Madrid,1,1,5,13,1,0,0,0,0
Ath Bilbao,Vallecano,3,2,15,8,1,1,0,0,0
Girona,Villarreal,0,1,14,17,0,1,0,0,0
Sociedad,Eibar,1,1,3,17,1,0,0,0,0
Valencia,Levante,3,1,23,6,1,0,0,0,0
Valladolid,Getafe,2,2,8,8,1,1,0,0,0
Ath Madrid,Celta,2,0,11,10,1,0,0,0,0
Espanol,Alaves,2,1,6,14,1,0,0,0,0
Huesca,Barcelona,0,0,6,10,0,0,0,0,0
Sevilla,Betis,3,2,11,12,1,0,0,0,0
Alaves,Leganes,1,1,6,9,1,0,0,0,0
Betis,Villarreal,2,1,17,10,1,1,0,0,0
Celta,Sociedad,3,1,11,14,0,1,0,0,0
Getafe,Ath Bilbao,1,0,6,9,0,0,0,0,0
Levante,Huesca,2,2,14,17,1,0,0,0,0
Valladolid,Sevilla,0,2,10,16,0,0,0,0,0
Barcelona,Ath Madrid,2,0,21,9,0,0,0,0,0
Girona,Espanol,1,2,14,9,0,0,0,0,0
Real Madrid,Eibar,2,1,13,3,0,1,0,0,0
Vallecano,Valencia,2,0,15,12,1,0,0,0,0
Leganes,Valladolid,1,0,18,8,0,0,0,0,0
Sevilla,Alaves,2,0,18,5,1,0,0,0,0
Sociedad,Betis,2,1,15,11,1,0,0,0,0
Ath Bilbao,Levante,3,2,14,11,2,0,0,0,0
Eibar,Vallecano,2,1,12,13,0,1,0,0,0
Huesca,Celta,3,3,23,11,0,1,0,0,0
Valencia,Real Madrid,2,1,11,15,1,0,0,0,0
Ath Madrid,Girona,2,0,17,12,0,0,0,0,0
Espanol,Getafe,1,1,9,13,0,0,0,0,0
Villarreal,Barcelona,4,4,16,15,1,2,0,0,0
Levante,Eibar,2,2,7,17,2,1,0,0,0
Real Madrid,Huesca,3,2,16,16,1,1,0,0,0
Sevilla,Valencia,0,1,17,4,0,1,0,0,0
Valladolid,Sociedad,1,1,10,10,1,0,0,0,0
Vallecano,Betis,1,1,20,7,1,0,0,0,0
Alaves,Ath Madrid,0,4,14,11,0,2,0,0,0
Barcelona,Espanol,2,0,13,4,0,0,0,0,0
Celta,Villarreal,3,2,15,14,0,2,0,0,0
Getafe,Leganes,0,2,9,7,0,0,0,0,0
Girona,Ath Bilbao,1,2,6,8,1,0,0,0,0
Betis,Barcelona,1,4,13,16,0,2,0,0,0
Eibar,Valladolid,1,2,15,8,0,0,0,0,0
Espanol,Sevilla,0,1,13,12,0,0,0,0,0
Valencia,Getafe,0,0,8,9,0,0,0,0,0
Villarreal,Vallecano,3,1,12,7,0,1,0,0,0
Ath Bilbao,Ath Madrid,2,0,9,9,0,0,0,0,0
Huesca,Alaves,1,3,7,12,1,1,0,0,0
Leganes,Girona,0,2,12,8,0,2,0,0,0
Real Madrid,Celta,2,0,22,6,0,0,0,0,0
Sociedad,Levante,1,1,22,8,1,0,0,0,0
Celta,Betis,0,1,7,14,0,0,0,0,0
Girona,Valencia,2,3,18,11,1,1,0,0,0
Levante,Villarreal,0,2,11,13,0,0,0,0,0
Sevilla,Sociedad,5,2,22,9,1,1,0,0,0
Valladolid,Real Madrid,1,4,10,15,1,1,0,0,0
Alaves,Eibar,1,1,16,20,0,0,0,0,0
Ath Madrid,Leganes,1,0,13,3,0,0,0,0,0
Barcelona,Vallecano,3,1,12,8,1,1,0,0,0
Getafe,Huesca,2,1,14,8,0,1,0,0,0
Ath Bilbao,Espanol,1,1,15,5,0,1,0,0,0
Leganes,Levante,1,0,14,15,1,0,0,0,0
Betis,Getafe,1,2,6,11,0,2,0,0,0
Eibar,Celta,1,0,15,3,0,0,0,0,0
Sociedad,Ath Madrid,0,2,19,8,0,2,0,0,0
Valencia,Ath Bilbao,2,0,11,4,0,0,0,0,0
Espanol,Valladolid,3,1,15,14,1,1,0,0,0
Huesca,Sevilla,2,1,7,12,1,0,0,0,0
Real Madrid,Barcelona,0,1,17,10,0,1,0,0,0
Villarreal,Alaves,1,2,9,10,0,0,0,0,0
Vallecano,Girona,0,2,9,12,0,1,0,0,0
Girona,Sociedad,0,0,10,7,0,0,0,0,0
Ath Madrid,Villarreal,2,0,15,14,1,0,0,0,0
Leganes,Valencia,1,1,17,6,0,1,0,0,0
Levante,Real Madrid,1,2,11,19,0,1,0,0,0
Valladolid,Betis,0,2,10,6,0,1,0,0,0
Alaves,Celta,0,0,17,8,0,0,0,0,0
Ath Bilbao,Eibar,1,0,9,7,1,0,0,0,0
Getafe,Vallecano,2,1,11,7,1,0,0,0,0
Sevilla,Barcelona,2,4,13,17,2,1,0,0,0
Espanol,Huesca,1,1,13,13,1,0,0,0,0
Huesca,Ath Bilbao,0,1,12,9,0,1,0,0,0
Betis,Alaves,1,1,19,6,1,1,0,0,0
Real Madrid,Girona,1,2,19,14,1,0,0,0,0
Valencia,Espanol,0,0,21,6,0,0,0,0,0
Villarreal,Sevilla,3,0,12,21,2,0,0,0,0
Barcelona,Valladolid,1,0,20,10,1,0,0,0,0
Celta,Levante,1,4,14,14,0,2,0,0,0
Sociedad,Leganes,3,0,15,8,0,0,0,0,0
Vallecano,Ath Madrid,0,1,12,4,0,0,0,0,0
Eibar,Getafe,2,2,11,7,0,1,0,0,0
Alaves,Levante,2,0,16,8,1,0,0,0,0
Ath Bilbao,Barcelona,0,0,13,10,0,0,0,0,0
Leganes,Betis,3,0,16,3,2,0,0,0,0
Sevilla,Eibar,2,2,13,8,0,1,0,0,0
Valencia,Sociedad,0,0,10,8,0,0,0,0,0
Ath Madrid,Real Madrid,1,3,11,11,1,2,0,0,0
Espanol,Vallecano,2,1,15,9,0,1,0,0,0
Getafe,Celta,3,1,12,13,1,1,0,0,0
Girona,Huesca,0,2,13,6,0,2,0,0,0
Valladolid,Villarreal,0,0,9,7,0,0,0,0,0
Vallecano,Leganes,1,2,15,13,0,1,0,0,0
Betis,Ath Madrid,1,0,7,13,0,0,0,0,0
Eibar,Girona,3,0,17,6,1,0,0,0,0
Real Madrid,Alaves,3,0,22,8,1,0,0,0,0
Villarreal,Espanol,2,2,14,17,1,0,0,0,0
Barcelona,Valencia,2,2,20,14,1,2,0,0,0
Celta,Sevilla,1,0,10,13,0,0,0,0,0
Levante,Getafe,0,0,8,9,0,0,0,0,0
Sociedad,Ath Bilbao,2,1,6,8,2,0,0,0,0
Huesca,Valladolid,4,0,11,9,1,0,0,0,0
Alaves,Vallecano,0,1,16,14,0,0,0,0,0
Ath Bilbao,Betis,1,0,11,8,1,0,0,0,0
Espanol,Real Madrid,2,4,13,16,1,3,0,0,0
Girona,Barcelona,0,2,13,15,0,1,0,0,0
Sociedad,Huesca,0,0,8,8,0,0,0,0,0
Valladolid,Celta,2,1,19,8,0,1,0,0,0
Ath Madrid,Getafe,2,0,10,6,2,0,0,0,0
Leganes,Eibar,2,2,9,5,0,2,0,0,0
Sevilla,Levante,5,0,23,7,0,0,0,0,0
Valencia,Villarreal,3,0,18,14,1,0,0,0,0
Eibar,Espanol,3,0,16,6,1,0,0,0,0
Barcelona,Leganes,3,1,15,5,1,0,0,0,0
Betis,Girona,3,2,12,8,1,2,0,0,0
Levante,Valladolid,2,0,13,13,1,0,0,0,0
Vallecano,Sociedad,2,2,11,10,2,1,0,0,0
Villarreal,Ath Bilbao,1,1,3,9,0,1,0,0,0
Celta,Valencia,1,2,12,13,1,0,0,0,0
Huesca,Ath Madrid,0,3,14,15,0,1,0,0,0
Real Madrid,Sevilla,2,0,23,4,0,0,0,0,0
Getafe,Alaves,4,0,12,6,1,0,0,0,0
Sociedad,Espanol,3,2,9,21,2,2,0,0,0
Ath Bilbao,Sevilla,2,0,10,10,1,0,0,0,0
Ath Madrid,Levante,1,0,19,7,0,0,0,0,0
Barcelona,Eibar,3,0,7,15,1,0,0,0,0
Betis,Real Madrid,1,2,9,14,0,1,0,0,0
Girona,Alaves,1,1,9,15,1,0,0,0,0
Leganes,Huesca,1,0,14,9,0,0,0,0,0
Valencia,Valladolid,1,1,17,6,0,0,0,0,0
Villarreal,Getafe,1,2,17,9,0,0,0,0,0
Vallecano,Celta,4,2,11,13,2,2,0,0,0
Celta,Ath Bilbao,1,2,17,8,1,1,0,0,0
Eibar,Villarreal,0,0,24,7,0,0,0,0,0
Getafe,Barcelona,1,2,10,12,1,2,0,0,0
Real Madrid,Sociedad,0,2,28,12,0,1,0,0,0
Sevilla,Ath Madrid,1,1,15,12,1,1,0,0,0
Alaves,Valencia,2,1,14,14,2,1,0,0,0
Huesca,Betis,2,1,11,7,0,0,0,0,0
Valladolid,Vallecano,0,1,12,9,0,1,0,0,0
Espanol,Leganes,1,0,12,10,1,0,0,0,0
Levante,Girona,2,2,19,9,0,1,0,0,0
Villarreal,Real Madrid,2,2,12,14,1,2,0,0,0
Leganes,Sevilla,1,1,13,8,1,0,0,0,0
Valencia,Huesca,2,1,19,11,1,0,0,0,0
Vallecano,Levante,2,1,18,12,1,0,0,0,0
Ath Bilbao,Valladolid,1,1,8,5,1,0,0,0,0
Ath Madrid,Espanol,1,0,8,18,0,0,0,0,0
Barcelona,Celta,2,0,9,11,2,0,0,0,0
Betis,Eibar,1,1,4,15,1,0,0,0,0
Girona,Getafe,1,1,12,5,0,0,0,0,0
Sociedad,Alaves,0,1,18,9,0,1,0,0,0
Alaves,Ath Bilbao,0,0,11,6,0,0,0,0,0
Espanol,Betis,1,3,10,12,1,1,0,0,0
Huesca,Villarreal,2,2,30,10,1,0,0,0,0
Levante,Barcelona,0,5,20,16,0,2,0,0,0
Sevilla,Girona,2,0,17,8,0,0,0,0,0
Eibar,Valencia,1,1,18,11,0,1,0,0,0
Getafe,Sociedad,1,0,9,9,1,0,0,0,0
Real Madrid,Vallecano,1,0,9,11,1,0,0,0,0
Valladolid,Ath Madrid,2,3,8,14,0,2,0,0,0
Celta,Leganes,0,0,15,5,0,0,0,0,0
Ath Bilbao,Girona,1,0,25,3,0,0,0,0,0
Betis,Vallecano,2,0,8,12,0,0,0,0,0
Eibar,Levante,4,4,32,14,1,2,0,0,0
Huesca,Real Madrid,0,1,11,5,0,1,0,0,0
Sociedad,Valladolid,1,2,23,10,0,1,0,0,0
Ath Madrid,Alaves,3,0,12,13,1,0,0,0,0
Espanol,Barcelona,0,4,15,17,0,3,0,0,0
Valencia,Sevilla,1,1,16,11,0,0,0,0,0
Villarreal,Celta,2,3,13,14,0,1,0,0,0
Leganes,Getafe,1,1,17,6,0,1,0,0,0
Levante,Ath Bilbao,3,0,17,12,1,0,0,0,0
Alaves,Sevilla,1,1,11,14,1,0,0,0,0
Barcelona,Villarreal,2,0,16,12,1,0,0,0,0
Betis,Sociedad,1,0,6,6,1,0,0,0,0
Girona,Ath Madrid,1,1,13,17,1,0,0,0,0
Celta,Huesca,2,0,12,8,1,0,0,0,0
Getafe,Espanol,3,0,14,8,0,0,0,0,0
Real Madrid,Valencia,2,0,13,7,1,0,0,0,0
Valladolid,Leganes,2,4,20,14,0,2,0,0,0
Vallecano,Eibar,1,0,5,13,0,0,0,0,0
Sociedad,Celta,2,1,15,6,1,0,0,0,0
Ath Bilbao,Getafe,1,1,8,15,0,0,0,0,0
Espanol,Girona,1,3,18,16,0,2,0,0,0
Sevilla,Valladolid,1,0,17,13,1,0,0,0,0
Villarreal,Betis,2,1,13,13,0,0,0,0,0
Ath Madrid,Barcelona,1,1,3,8,0,0,0,0,0
Eibar,Real Madrid,3,0,14,9,1,0,0,0,0
Huesca,Levante,2,2,32,5,1,1,0,0,0
Valencia,Vallecano,3,0,13,13,1,0,0,0,0
Leganes,Alaves,1,0,13,7,1,0,0,0,0
Alaves,Huesca,2,1,13,9,1,1,0,0,0
Barcelona,Betis,3,4,20,15,0,2,0,0,0
Celta,Real Madrid,2,4,15,14,0,1,0,0,0
Sevilla,Espanol,2,1,23,15,0,1,0,0,0
Vallecano,Villarreal,2,2,15,11,1,1,0,0,0
Ath Madrid,Ath Bilbao,3,2,9,6,0,1,0,0,0
Getafe,Valencia,0,1,17,7,0,0,0,0,0
Girona,Leganes,0,0,5,10,0,0,0,0,0
Valladolid,Eibar,0,0,9,16,0,0,0,0,0
Levante,Sociedad,1,3,17,15,1,0,0,0,0
Espanol,Ath Bilbao,1,0,8,10,1,0,0,0,0
Betis,Celta,3,3,14,14,1,0,0,0,0
Eibar,Alaves,2,1,23,9,0,1,0,0,0
Huesca,Getafe,1,1,18,8,0,0,0,0,0
Sociedad,Sevilla,0,0,10,8,0,0,0,0,0
Villarreal,Levante,1,1,23,13,0,0,0,0,0
Leganes,Ath Madrid,1,1,8,9,0,0,0,0,0
Real Madrid,Valladolid,2,0,16,12,0,0,0,0,0
Valencia,Girona,0,1,27,5,0,0,0,0,0
Vallecano,Barcelona,2,3,11,9,1,1,0,0,0
Alaves,Villarreal,2,1,19,9,0,1,0,0,0
Barcelona,Real Madrid,5,1,13,15,2,0,0,0,0
Getafe,Betis,2,0,16,7,0,0,0,0,0
Sevilla,Huesca,2,1,15,11,0,0,0,0,0
Ath Bilbao,Valencia,0,0,13,11,0,0,0,0,0
Ath Madrid,Sociedad,2,0,14,7,1,0,0,0,0
Celta,Eibar,4,0,10,17,2,0,0,0,0
Girona,Vallecano,2,1,14,14,2,0,0,0,0
Levante,Leganes,2,0,9,21,1,0,0,0,0
Valladolid,Espanol,1,1,15,11,0,1,0,0,0
Vallecano,Ath Bilbao,1,1,11,12,1,0,0,0,0
Sociedad,Girona,0,0,14,12,0,0,0,0,0
Betis,Valladolid,0,1,20,6,0,1,0,0,0
Eibar,Ath Bilbao,1,1,18,6,1,1,0,0,0
Huesca,Espanol,0,2,10,6,0,1,0,0,0
Vallecano,Getafe,1,2,10,5,0,0,0,0,0
Barcelona,Sevilla,4,2,23,19,2,0,0,0,0
Real Madrid,Levante,1,2,34,6,0,2,0,0,0
Valencia,Leganes,1,1,18,7,0,0,0,0,0
Villarreal,Ath Madrid,1,1,18,15,0,0,0,0,0
Celta,Alaves,0,1,19,9,0,0,0,0,0
Ath Madrid,Betis,1,0,13,5,0,0,0,0,0
Espanol,Villarreal,3,1,28,13,1,1,0,0,0
Sevilla,Celta,2,1,12,13,1,0,0,0,0
Valencia,Barcelona,1,1,10,10,1,1,0,0,0
Valladolid,Huesca,1,0,9,11,1,0,0,0,0
Alaves,Real Madrid,1,0,8,13,0,0,0,0,0
Getafe,Levante,0,1,15,12,0,0,0,0,0
Girona,Eibar,2,3,10,12,2,2,0,0,0
Leganes,Vallecano,1,0,13,6,1,0,0,0,0
Ath Bilbao,Sociedad,1,3,13,6,1,1,0,0,0
Celta,Getafe,1,1,8,12,1,0,0,0,0
Betis,Leganes,1,0,17,11,0,0,0,0,0
Huesca,Girona,1,1,13,14,0,1,0,0,0
Levante,Alaves,2,1,14,14,2,1,0,0,0
Villarreal,Valladolid,0,1,27,9,0,0,0,0,0
Barcelona,Ath Bilbao,1,1,20,8,0,1,0,0,0
Eibar,Sevilla,1,3,15,7,0,0,0,0,0
Real Madrid,Ath Madrid,0,0,15,8,0,0,0,0,0
Sociedad,Valencia,0,1,10,9,0,1,0,0,0
Vallecano,Espanol,2,2,11,12,1,2,0,0,0
Alaves,Getafe,1,1,15,13,0,0,0,0,0
Girona,Betis,0,1,8,14,0,0,0,0,0
Valladolid,Levante,2,1,20,9,0,0,0,0,0
Ath Bilbao,Villarreal,0,3,12,19,0,0,0,0,0
Leganes,Barcelona,2,1,10,9,0,1,0,0,0
Sevilla,Real Madrid,3,0,16,21,3,0,0,0,0
Valencia,Celta,1,1,14,9,1,0,0,0,0
Ath Madrid,Huesca,3,0,17,8,3,0,0,0,0
Espanol,Eibar,1,0,9,8,0,0,0,0,0
Sociedad,Vallecano,2,2,16,11,1,2,0,0,0
Barcelona,Girona,2,2,22,7,1,1,0,0,0
Betis,Ath Bilbao,2,2,15,7,0,2,0,0,0
Levante,Sevilla,2,6,19,20,1,4,0,0,0
Villarreal,Valencia,0,0,11,12,0,0,0,0,0
Celta,Valladolid,3,3,12,14,2,1,0,0,0
Eibar,Leganes,1,0,14,4,0,0,0,0,0
Getafe,Ath Madrid,0,2,11,7,0,1,0,0,0
Real Madrid,Espanol,1,0,19,10,1,0,0,0,0
Vallecano,Alaves,1,5,13,11,1,2,0,0,0
Huesca,Sociedad,0,1,13,7,0,0,0,0,0
Girona,Celta,3,2,11,20,2,1,0,0,0
Espanol,Levante,1,0,22,16,0,0,0,0,0
Leganes,Villarreal,0,1,16,9,0,0,0,0,0
Sevilla,Getafe,0,2,15,10,0,2,0,0,0
Valladolid,Alaves,0,1,15,10,0,0,0,0,0
Ath Bilbao,Real Madrid,1,1,11,16,1,0,0,0,0
Ath Madrid,Eibar,1,1,18,12,0,0,0,0,0
Sociedad,Barcelona,1,2,8,12,1,0,0,0,0
Valencia,Betis,0,0,12,11,0,0,0,0,0
Huesca,Vallecano,0,1,14,14,0,1,0,0,0
Alaves,Espanol,2,1,8,11,0,1,0,0,0
Barcelona,Huesca,8,2,31,7,3,2,0,0,0
Betis,Sevilla,1,0,11,8,0,0,0,0,0
Levante,Valencia,2,2,13,18,2,1,0,0,0
Celta,Ath Madrid,2,0,10,9,0,0,0,0,0
Real Madrid,Leganes,4,1,17,8,1,1,0,0,0
Eibar,Sociedad,2,1,8,7,1,1,0,0,0
Getafe,Valladolid,0,0,12,7,0,0,0,0,0
Villarreal,Girona,0,1,13,14,0,0,0,0,0
Ath Bilbao,Huesca,2,2,14,9,0,0,0,0,0
Levante,Celta,1,2,15,21,0,2,0,0,0
Espanol,Valencia,2,0,19,16,0,0,0,0,0
Girona,Real Madrid,1,4,10,20,1,1,0,0,0
Sevilla,Villarreal,0,0,19,14,0,0,0,0,0
Alaves,Betis,0,0,16,13,0,0,0,0,0
Ath Madrid,Vallecano,1,0,9,13,0,0,0,0,0
Valladolid,Barcelona,0,1,7,10,0,0,0,0,0
Getafe,Eibar,2,0,7,9,1,0,0,0,0
Leganes,Sociedad,2,2,18,7,0,2,0,0,0
Ath Bilbao,Leganes,2,1,17,12,1,1,0,0,0
Valencia,Ath Madrid,1,1,13,9,0,1,0,0,0
Eibar,Huesca,1,2,18,8,0,2,0,0,0
Real Madrid,Getafe,2,0,10,4,1,0,0,0,0
Vallecano,Sevilla,1,4,13,17,0,3,0,0,0
Barcelona,Alaves,3,0,25,3,0,0,0,0,0
Celta,Espanol,1,1,12,14,0,1,0,0,0
Villarreal,Sociedad,1,2,16,8,1,1,0,0,0
Betis,Levante,0,3,22,6,0,1,0,0,0
Girona,Valladolid,0,0,13,2,0,0,0,0,0
Ath Bilbao,Espanol,0,1,12,11,0,1,0,0,0
Ath Madrid,Eibar,2,2,8,14,1,1,0,0,0
Barcelona,Sociedad,1,0,12,13,0,0,0,0,0
Valencia,La Coruna,2,1,22,12,1,0,0,0,0
Celta,Levante,4,2,20,7,2,1,0,0,0
Las Palmas,Girona,1,2,13,12,1,2,0,0,0
Leganes,Betis,3,2,8,16,1,1,0,0,0
Malaga,Getafe,0,1,6,11,0,0,0,0,0
Sevilla,Alaves,1,0,20,10,1,0,0,0,0
Villarreal,Real Madrid,2,2,14,15,0,2,0,0,0
Espanol,Malaga,4,1,19,9,3,1,0,0,0
Levante,Barcelona,5,4,12,18,2,1,0,0,0
Alaves,Ath Bilbao,3,1,4,13,1,0,0,0,0
Betis,Sevilla,2,2,9,13,1,0,0,0,0
Eibar,Las Palmas,1,0,10,8,1,0,0,0,0
Getafe,Ath Madrid,0,1,11,5,0,1,0,0,0
Girona,Valencia,0,1,16,10,0,0,0,0,0
La Coruna,Villarreal,2,4,16,11,0,3,0,0,0
Real Madrid,Celta,6,0,15,5,3,0,0,0,0
Sociedad,Leganes,3,2,11,9,2,1,0,0,0
Barcelona,Villarreal,5,1,12,20,3,0,0,0,0
Sevilla,Real Madrid,3,2,14,14,2,0,0,0,0
Leganes,Levante,0,3,13,10,0,0,0,0,0
Ath Madrid,Espanol,0,2,9,14,0,0,0,0,0
Barcelona,Real Madrid,2,2,11,17,1,1,0,0,0
Las Palmas,Getafe,0,1,21,8,0,0,0,0,0
Malaga,Alaves,0,3,16,13,0,1,0,0,0
Ath Bilbao,Betis,2,0,14,6,0,0,0,0,0
Celta,La Coruna,1,1,13,11,1,0,0,0,0
Girona,Eibar,1,4,16,15,0,2,0,0,0
Villarreal,Valencia,1,0,13,6,0,0,0,0,0
Sevilla,Sociedad,1,0,16,11,0,0,0,0,0
Betis,Malaga,2,1,12,9,1,1,0,0,0
Alaves,Ath Madrid,0,1,7,14,0,0,0,0,0
Getafe,Girona,1,1,10,15,1,1,0,0,0
La Coruna,Barcelona,2,4,17,21,1,2,0,0,0
Valencia,Eibar,0,0,16,8,0,0,0,0,0
Espanol,Las Palmas,1,1,16,13,0,1,0,0,0
Real Madrid,Leganes,2,1,12,16,2,0,0,0,0
Sociedad,Ath Bilbao,3,1,17,9,2,0,0,0,0
Villarreal,Celta,4,1,13,15,3,1,0,0,0
Levante,Sevilla,2,1,15,22,1,1,0,0,0
Ath Bilbao,Levante,1,3,18,11,1,2,0,0,0
Ath Madrid,Betis,0,0,10,10,0,0,0,0,0
Girona,Espanol,0,2,20,5,0,1,0,0,0
Las Palmas,Alaves,0,4,12,10,0,0,0,0,0
Malaga,Sociedad,2,0,4,14,2,0,0,0,0
Celta,Valencia,1,1,10,17,0,0,0,0,0
Eibar,Getafe,0,1,12,7,0,1,0,0,0
Leganes,La Coruna,0,0,13,12,0,0,0,0,0
Alaves,Girona,1,2,11,14,0,0,0,0,0
Betis,Las Palmas,1,0,17,1,0,0,0,0,0
Levante,Malaga,1,0,11,10,0,0,0,0,0
Sociedad,Ath Madrid,3,0,12,9,1,0,0,0,0
Espanol,Eibar,0,1,10,5,0,1,0,0,0
Real Madrid,Ath Bilbao,1,1,29,6,0,1,0,0,0
Valencia,Getafe,1,2,10,8,0,1,0,0,0
Celta,Barcelona,2,2,18,14,1,1,0,0,0
La Coruna,Sevilla,0,0,22,24,0,0,0,0,0
Villarreal,Leganes,2,1,17,6,1,0,0,0,0
Ath Madrid,Levante,3,0,13,11,1,0,0,0,0
Eibar,Alaves,0,1,21,2,0,1,0,0,0
Getafe,Espanol,1,0,13,5,0,0,0,0,0
Malaga,Real Madrid,1,2,13,16,0,1,0,0,0
Ath Bilbao,La Coruna,2,3,13,5,0,2,0,0,0
Barcelona,Valencia,2,1,12,17,1,0,0,0,0
Las Palmas,Sociedad,0,1,7,20,0,1,0,0,0
Leganes,Celta,1,0,19,5,0,0,0,0,0
Sevilla,Villarreal,2,2,18,7,0,1,0,0,0
Girona,Betis,0,1,9,10,0,1,0,0,0
Villarreal,Ath Bilbao,1,3,7,17,0,1,0,0,0
Levante,Las Palmas,2,1,11,17,1,0,0,0,0
Real Madrid,Ath Madrid,1,1,30,9,0,0,0,0,0
Sociedad,Girona,5,0,13,8,2,0,0,0,0
Valencia,Espanol,1,0,14,21,1,0,0,0,0
Alaves,Getafe,2,0,11,5,0,0,0,0,0
Barcelona,Leganes,3,1,12,11,2,0,0,0,0
Betis,Eibar,2,0,13,5,1,0,0,0,0
Celta,Sevilla,4,0,12,16,1,0,0,0,0
La Coruna,Malaga,3,2,14,11,1,1,0,0,0
Getafe,Betis,0,1,8,7,0,0,0,0,0
Ath Madrid,La Coruna,1,0,15,10,1,0,0,0,0
Eibar,Sociedad,0,0,15,7,0,0,0,0,0
Espanol,Alaves,0,0,12,13,0,0,0,0,0
Leganes,Valencia,0,1,8,3,0,0,0,0,0
Malaga,Villarreal,1,0,13,11,1,0,0,0,0
Ath Bilbao,Celta,1,1,11,13,0,0,0,0,0
Girona,Levante,1,1,12,15,0,0,0,0,0
Las Palmas,Real Madrid,0,3,17,17,0,2,0,0,0
Sevilla,Barcelona,2,2,21,20,1,0,0,0,0
Barcelona,Ath Bilbao,2,0,18,10,2,0,0,0,0
Celta,Malaga,0,0,9,5,0,0,0,0,0
Leganes,Sevilla,2,1,12,10,1,0,0,0,0
Real Madrid,Girona,6,3,20,10,1,1,0,0,0
Villarreal,Ath Madrid,2,1,17,8,0,1,0,0,0
Betis,Espanol,3,0,9,4,1,0,0,0,0
La Coruna,Las Palmas,1,1,13,8,1,1,0,0,0
Sociedad,Getafe,1,2,8,9,1,1,0,0,0
Valencia,Alaves,3,1,24,16,2,0,0,0,0
Levante,Eibar,2,1,6,13,1,0,0,0,0
Alaves,Betis,1,3,9,10,0,2,0,0,0
Ath Bilbao,Leganes,2,0,13,12,2,0,0,0,0
Ath Madrid,Celta,3,0,7,8,1,0,0,0,0
Espanol,Sociedad,2,1,18,11,0,1,0,0,0
Las Palmas,Villarreal,0,2,9,11,0,0,0,0,0
Eibar,Real Madrid,1,2,12,12,0,1,0,0,0
Getafe,Levante,0,1,11,12,0,0,0,0,0
Malaga,Barcelona,0,2,6,20,0,2,0,0,0
Sevilla,Valencia,0,2,21,10,0,1,0,0,0
Girona,La Coruna,2,0,9,8,1,0,0,0,0
Celta,Las Palmas,2,1,14,10,0,0,0,0,0
Barcelona,Ath Madrid,1,0,16,6,1,0,0,0,0
Levante,Espanol,1,1,13,15,0,0,0,0,0
Sociedad,Alaves,2,1,14,3,2,1,0,0,0
Valencia,Betis,2,0,12,9,1,0,0,0,0
La Coruna,Eibar,1,1,7,16,1,1,0,0,0
Leganes,Malaga,2,0,10,4,0,0,0,0,0
Real Madrid,Getafe,3,1,14,4,2,0,0,0,0
Sevilla,Ath Bilbao,2,0,18,10,2,0,0,0,0
Villarreal,Girona,0,2,14,4,0,1,0,0,0
Alaves,Levante,1,0,15,6,0,0,0,0,0
Betis,Sociedad,0,0,8,13,0,0,0,0,0
Las Palmas,Barcelona,1,1,12,10,0,1,0,0,0
Ath Bilbao,Valencia,1,1,11,6,0,1,0,0,0
Ath Madrid,Leganes,4,0,15,9,2,0,0,0,0
Eibar,Villarreal,1,0,13,11,1,0,0,0,0
Getafe,La Coruna,3,0,14,9,2,0,0,0,0
Malaga,Sevilla,0,1,8,6,0,1,0,0,0
Espanol,Real Madrid,1,0,16,12,0,0,0,0,0
Girona,Celta,1,0,11,10,1,0,0,0,0
Levante,Betis,0,2,12,15,0,0,0,0,0
Ath Bilbao,Malaga,2,1,8,8,2,1,0,0,0
Sevilla,Ath Madrid,2,5,10,13,0,2,0,0,0
Valencia,Sociedad,2,1,7,9,1,0,0,0,0
Villarreal,Getafe,1,0,10,3,1,0,0,0,0
Barcelona,Girona,6,1,21,10,4,1,0,0,0
Celta,Eibar,2,0,8,15,0,0,0,0,0
Leganes,Las Palmas,0,0,11,4,0,0,0,0,0
Real Madrid,Alaves,4,0,25,11,1,0,0,0,0
La Coruna,Espanol,0,0,17,9,0,0,0,0,0
Leganes,Real Madrid,1,3,7,13,1,2,0,0,0
Getafe,Celta,3,0,9,4,1,0,0,0,0
Ath Madrid,Ath Bilbao,2,0,14,4,0,0,0,0,0
Betis,Real Madrid,3,5,20,12,2,1,0,0,0
Espanol,Villarreal,1,1,15,8,0,1,0,0,0
Sociedad,Levante,3,0,13,9,2,0,0,0,0
Alaves,La Coruna,1,0,14,5,0,0,0,0,0
Eibar,Barcelona,0,2,13,10,0,1,0,0,0
Las Palmas,Sevilla,1,2,11,12,0,1,0,0,0
Malaga,Valencia,1,2,9,10,1,0,0,0,0
Girona,Leganes,3,0,10,10,2,0,0,0,0
La Coruna,Betis,0,1,16,10,0,0,0,0,0
Barcelona,Getafe,0,0,12,10,0,0,0,0,0
Celta,Espanol,2,2,18,3,1,1,0,0,0
Sevilla,Girona,1,0,13,14,0,0,0,0,0
Valencia,Levante,3,1,18,5,1,1,0,0,0
Leganes,Eibar,0,1,2,19,0,0,0,0,0
Malaga,Ath Madrid,0,1,13,5,0,1,0,0,0
Real Madrid,Sociedad,5,2,18,8,4,0,0,0,0
Villarreal,Alaves,1,2,27,5,0,1,0,0,0
Ath Bilbao,Las Palmas,0,0,11,8,0,0,0,0,0
Las Palmas,Malaga,1,0,11,9,0,0,0,0,0
Ath Madrid,Valencia,1,0,14,9,0,0,0,0,0
Espanol,Barcelona,1,1,7,12,0,0,0,0,0
Getafe,Leganes,0,0,11,2,0,0,0,0,0
Girona,Ath Bilbao,2,0,8,9,1,0,0,0,0
Alaves,Celta,2,1,9,16,2,0,0,0,0
Betis,Villarreal,2,1,13,12,1,0,0,0,0
Eibar,Sevilla,5,1,17,11,3,1,0,0,0
Levante,Real Madrid,2,2,12,23,1,1,0,0,0
Sociedad,La Coruna,5,0,19,4,1,0,0,0,0
Celta,Betis,3,2,13,7,1,0,0,0,0
Ath Madrid,Las Palmas,3,0,18,9,0,0,0,0,0
Barcelona,Alaves,2,1,18,7,0,1,0,0,0
Leganes,Espanol,3,2,11,12,1,0,0,0,0
Sevilla,Getafe,1,1,15,7,0,0,0,0,0
La Coruna,Levante,2,2,8,15,2,0,0,0,0
Malaga,Girona,0,0,7,11,0,0,0,0,0
Valencia,Real Madrid,1,4,11,13,0,2,0,0,0
Villarreal,Sociedad,4,2,11,24,4,1,0,0,0
Ath Bilbao,Eibar,1,1,7,14,0,0,0,0,0
Eibar,Malaga,1,1,15,10,0,1,0,0,0
Alaves,Leganes,2,2,14,8,0,0,0,0,0
Betis,Barcelona,0,5,7,14,0,0,0,0,0
Real Madrid,La Coruna,7,1,24,5,2,1,0,0,0
Sociedad,Celta,1,2,16,10,1,1,0,0,0
Ath Madrid,Girona,1,1,9,6,1,0,0,0,0
Espanol,Sevilla,0,3,9,12,0,2,0,0,0
Las Palmas,Valencia,2,1,20,14,1,1,0,0,0
Villarreal,Levante,2,1,18,16,1,0,0,0,0
Getafe,Ath Bilbao,2,2,17,7,1,1,0,0,0
Betis,Leganes,3,2,16,10,2,1,0,0,0
Alaves,Sevilla,1,0,12,14,0,0,0,0,0
Espanol,Ath Bilbao,1,1,11,8,1,1,0,0,0
Levante,Celta,0,1,15,3,0,1,0,0,0
Sociedad,Barcelona,2,4,15,11,2,1,0,0,0
Eibar,Ath Madrid,0,1,11,7,0,1,0,0,0
Girona,Las Palmas,6,0,15,3,1,0,0,0,0
La Coruna,Valencia,1,2,12,12,0,1,0,0,0
Real Madrid,Villarreal,0,1,28,10,0,0,0,0,0
Getafe,Malaga,1,0,7,9,0,0,0,0,0
Malaga,Espanol,0,1,17,6,0,1,0,0,0
Ath Bilbao,Alaves,2,0,14,8,1,0,0,0,0
Barcelona,Levante,3,0,16,9,2,0,0,0,0
Celta,Real Madrid,2,2,10,19,1,2,0,0,0
Leganes,Sociedad,1,0,8,9,0,0,0,0,0
Villarreal,La Coruna,1,1,11,13,1,0,0,0,0
Ath Madrid,Getafe,2,0,9,10,1,0,0,0,0
Las Palmas,Eibar,1,2,4,14,1,0,0,0,0
Sevilla,Betis,3,5,14,9,2,2,0,0,0
Valencia,Girona,2,1,17,11,1,1,0,0,0
La Coruna,Celta,1,3,15,7,0,2,0,0,0
Real Madrid,Barcelona,0,3,14,18,0,0,0,0,0
Valencia,Villarreal,0,1,22,9,0,1,0,0,0
Betis,Ath Bilbao,0,2,16,19,0,1,0,0,0
Espanol,Ath Madrid,1,0,7,9,0,0,0,0,0
Alaves,Malaga,1,0,10,10,0,0,0,0,0
Eibar,Girona,4,1,16,6,2,1,0,0,0
Getafe,Las Palmas,2,0,13,17,2,0,0,0,0
Sociedad,Sevilla,3,1,14,9,1,1,0,0,0
Levante,Leganes,0,0,10,10,0,0,0,0,0
Malaga,Betis,0,2,18,10,0,1,0,0,0
Barcelona,La Coruna,4,0,23,10,2,0,0,0,0
Celta,Villarreal,0,1,10,8,0,1,0,0,0
Girona,Getafe,1,0,9,7,1,0,0,0,0
Las Palmas,Espanol,2,2,14,8,0,2,0,0,0
Ath Bilbao,Sociedad,0,0,7,10,0,0,0,0,0
Ath Madrid,Alaves,1,0,10,11,0,0,0,0,0
Eibar,Valencia,2,1,15,7,0,0,0,0,0
Sevilla,Levante,0,0,16,10,0,0,0,0,0
Espanol,Girona,0,1,8,12,0,1,0,0,0
Betis,Ath Madrid,0,1,9,4,0,1,0,0,0
Levante,Ath Bilbao,1,2,12,14,0,1,0,0,0
Sociedad,Malaga,0,2,18,9,0,1,0,0,0
Villarreal,Barcelona,0,2,9,16,0,0,0,0,0
Getafe,Eibar,0,0,6,7,0,0,0,0,0
La Coruna,Leganes,1,0,15,3,1,0,0,0,0
Real Madrid,Sevilla,5,0,20,11,5,0,0,0,0
Valencia,Celta,2,1,13,13,1,0,0,0,0
Alaves,Las Palmas,2,0,22,6,1,0,0,0,0
Girona,Alaves,2,3,11,9,0,0,0,0,0
Eibar,Espanol,3,1,10,6,2,0,0,0,0
Getafe,Valencia,1,0,11,13,0,0,0,0,0
Las Palmas,Betis,1,0,21,8,1,0,0,0,0
Leganes,Villarreal,3,1,12,12,0,0,0,0,0
Ath Bilbao,Real Madrid,0,0,11,19,0,0,0,0,0
Ath Madrid,Sociedad,2,1,16,10,0,1,0,0,0
Barcelona,Celta,2,2,21,10,1,1,0,0,0
Sevilla,La Coruna,2,0,10,11,1,0,0,0,0
Malaga,Levante,0,0,18,3,0,0,0,0,0
Espanol,Getafe,1,0,10,7,0,0,0,0,0
La Coruna,Ath Bilbao,2,2,14,10,1,1,0,0,0
Sociedad,Las Palmas,2,2,16,8,1,1,0,0,0
Valencia,Barcelona,1,1,8,12,0,0,0,0,0
Villarreal,Sevilla,2,3,19,15,1,0,0,0,0
Alaves,Eibar,1,2,6,11,0,1,0,0,0
Betis,Girona,2,2,12,13,0,1,0,0,0
Levante,Ath Madrid,0,5,17,16,0,2,0,0,0
Real Madrid,Malaga,3,2,16,9,2,1,0,0,0
Celta,Leganes,1,0,14,9,1,0,0,0,0
Eibar,Betis,5,0,17,4,2,0,0,0,0
Ath Bilbao,Villarreal,1,1,15,7,0,1,0,0,0
Espanol,Valencia,0,2,12,7,0,0,0,0,0
Las Palmas,Levante,0,2,10,11,0,0,0,0,0
Malaga,La Coruna,3,2,14,12,1,1,0,0,0
Ath Madrid,Real Madrid,0,0,7,14,0,0,0,0,0
Getafe,Alaves,4,1,13,11,2,0,0,0,0
Leganes,Barcelona,0,3,18,11,0,1,0,0,0
Sevilla,Celta,2,1,12,11,1,1,0,0,0
Girona,Sociedad,1,1,14,14,0,1,0,0,0
Celta,Ath Bilbao,3,1,11,14,3,1,0,0,0
Levante,Girona,1,2,7,10,0,0,0,0,0
Real Madrid,Las Palmas,3,0,27,2,1,0,0,0,0
Sociedad,Eibar,3,1,10,9,2,0,0,0,0
Villarreal,Malaga,2,0,14,10,0,0,0,0,0
Alaves,Espanol,1,0,17,9,1,0,0,0,0
Barcelona,Sevilla,2,1,18,8,1,0,0,0,0
La Coruna,Ath Madrid,0,1,14,11,0,0,0,0,0
Valencia,Leganes,3,0,13,13,1,0,0,0,0
Betis,Getafe,2,2,15,9,0,2,0,0,0
Espanol,Betis,1,0,10,9,0,0,0,0,0
Las Palmas,La Coruna,1,3,13,15,1,1,0,0,0
Eibar,Levante,2,2,16,3,0,2,0,0,0
Getafe,Sociedad,2,1,10,15,0,1,0,0,0
Girona,Real Madrid,2,1,15,15,0,1,0,0,0
Malaga,Celta,2,1,15,10,1,0,0,0,0
Alaves,Valencia,1,2,16,7,0,1,0,0,0
Ath Bilbao,Barcelona,0,2,17,17,0,1,0,0,0
Ath Madrid,Villarreal,1,1,18,12,0,0,0,0,0
Sevilla,Leganes,2,1,9,10,1,0,0,0,0
La Coruna,Girona,1,2,15,13,0,1,0,0,0
Sociedad,Espanol,1,1,19,4,0,1,0,0,0
Celta,Ath Madrid,0,1,19,4,0,1,0,0,0
Leganes,Ath Bilbao,1,0,15,7,0,0,0,0,0
Real Madrid,Eibar,3,0,15,9,2,0,0,0,0
Villarreal,Las Palmas,4,0,25,16,0,0,0,0,0
Barcelona,Malaga,2,0,12,13,1,0,0,0,0
Betis,Alaves,2,0,12,7,1,0,0,0,0
Levante,Getafe,1,1,5,9,0,0,0,0,0
Valencia,Sevilla,4,0,18,18,1,0,0,0,0
Las Palmas,Celta,2,5,24,14,0,2,0,0,0
Betis,Valencia,3,6,13,13,0,2,0,0,0
Eibar,La Coruna,0,0,15,11,0,0,0,0,0
Girona,Villarreal,1,2,14,5,1,2,0,0,0
Malaga,Leganes,0,2,13,19,0,0,0,0,0
Alaves,Sociedad,0,2,8,13,0,0,0,0,0
Ath Bilbao,Sevilla,1,0,15,14,1,0,0,0,0
Ath Madrid,Barcelona,1,1,5,15,1,0,0,0,0
Getafe,Real Madrid,1,2,8,16,0,1,0,0,0
Espanol,Levante,0,0,20,13,0,0,0,0,0
Barcelona,Las Palmas,3,0,22,10,0,0,0,0,0
Real Madrid,Espanol,2,0,22,8,1,0,0,0,0
Sociedad,Betis,4,4,17,10,2,2,0,0,0
Valencia,Ath Bilbao,3,2,10,16,2,0,0,0,0
Villarreal,Eibar,3,0,12,8,1,0,0,0,0
La Coruna,Getafe,2,1,15,10,0,0,0,0,0
Leganes,Ath Madrid,0,0,7,11,0,0,0,0,0
Levante,Alaves,0,2,13,8,0,1,0,0,0
Sevilla,Malaga,2,0,12,11,0,0,0,0,0
Celta,Girona,3,3,16,10,2,2,0,0,0
Betis,Levante,4,0,14,8,0,0,0,0,0
Eibar,Celta,0,4,9,10,0,3,0,0,0
Espanol,La Coruna,4,1,17,21,2,0,0,0,0
Getafe,Villarreal,4,0,17,6,0,0,0,0,0
Las Palmas,Leganes,0,2,8,9,0,0,0,0,0
Sociedad,Valencia,2,3,18,13,1,1,0,0,0
Alaves,Real Madrid,1,2,8,21,1,2,0,0,0
Ath Madrid,Sevilla,2,0,13,11,0,0,0,0,0
Girona,Barcelona,0,3,13,9,0,1,0,0,0
Malaga,Ath Bilbao,3,3,15,8,1,1,0,0,0
Celta,Getafe,1,1,8,10,1,0,0,0,0
Levante,Sociedad,3,0,13,13,1,0,0,0,0
Villarreal,Espanol,0,0,14,10,0,0,0,0,0
Ath Bilbao,Ath Madrid,1,2,12,16,0,0,0,0,0
La Coruna,Alaves,1,0,15,8,1,0,0,0,0
Leganes,Girona,0,0,12,10,0,0,0,0,0
Real Madrid,Betis,0,1,27,12,0,0,0,0,0
Sevilla,Las Palmas,1,0,14,6,0,0,0,0,0
Barcelona,Eibar,6,1,11,13,2,0,0,0,0
Valencia,Malaga,5,0,16,11,1,0,0,0,0
Espanol,Celta,2,1,9,11,2,0,0,0,0
Alaves,Villarreal,0,3,16,16,0,1,0,0,0
Girona,Sevilla,0,1,13,13,0,0,0,0,0
Las Palmas,Ath Bilbao,1,0,12,11,0,0,0,0,0
Sociedad,Real Madrid,1,3,10,18,1,2,0,0,0
Ath Madrid,Malaga,1,0,17,9,0,0,0,0,0
Betis,La Coruna,2,1,17,11,1,1,0,0,0
Getafe,Barcelona,1,2,13,7,1,0,0,0,0
Levante,Valencia,1,1,9,13,1,1,0,0,0
Eibar,Leganes,1,0,10,5,0,0,0,0,0
Malaga,Las Palmas,1,3,14,10,0,1,0,0,0
Ath Bilbao,Girona,2,0,7,11,1,0,0,0,0
Celta,Alaves,1,0,20,5,1,0,0,0,0
La Coruna,Sociedad,2,4,11,15,1,2,0,0,0
Villarreal,Betis,3,1,14,8,1,1,0,0,0
Barcelona,Espanol,5,0,20,9,2,0,0,0,0
Real Madrid,Levante,1,1,18,5,1,1,0,0,0
Sevilla,Eibar,3,0,12,7,0,0,0,0,0
Valencia,Ath Madrid,0,0,11,13,0,0,0,0,0
Leganes,Getafe,1,2,11,11,0,1,0,0,0
Eibar,Ath Bilbao,0,1,14,10,0,1,0,0,0
Espanol,Leganes,0,1,17,12,0,1,0,0,0
Getafe,Sevilla,0,1,15,6,0,0,0,0,0
Real Madrid,Valencia,2,2,22,7,1,1,0,0,0
Alaves,Barcelona,0,2,11,23,0,0,0,0,0
Girona,Malaga,1,0,15,7,1,0,0,0,0
Las Palmas,Ath Madrid,1,5,10,8,0,2,0,0,0
Levante,La Coruna,2,2,24,11,1,2,0,0,0
Betis,Celta,2,1,10,9,1,1,0,0,0
Sociedad,Villarreal,3,0,15,6,3,0,0,0,0
Levante,Villarreal,1,0,14,9,0,0,0,0,0
Malaga,Eibar,0,1,10,13,0,0,0,0,0
Ath Bilbao,Getafe,0,0,12,8,0,0,0,0,0
Barcelona,Betis,2,0,15,3,2,0,0,0,0
La Coruna,Real Madrid,0,3,12,16,0,2,0,0,0
Celta,Sociedad,2,3,16,13,1,1,0,0,0
Girona,Ath Madrid,2,2,13,9,2,0,0,0,0
Sevilla,Espanol,1,1,9,9,1,1,0,0,0
Leganes,Alaves,1,0,16,6,1,0,0,0,0
Valencia,Las Palmas,1,0,22,5,1,0,0,0,0
